image,label,area,eccentricity,solidity,nucleus_area,proteinA_mean,proteinA_std,nucleus_int,cyto_int,localization_ratio
CSA_screen__screen_20250124_133156__plate1_A02_1_1.tif,1,7904,0.6732821224414421,0.6115753636645002,2737,1523.0311234817814,561.6428784989407,1176.4939715016442,1706.5945422875943,0.689381069931596
CSA_screen__screen_20250124_133156__plate1_A02_1_1.tif,2,5226,0.9045009754353546,0.9795688847235239,3096,1809.8407960199006,275.1988195256826,1932.829780361757,1631.0737089201878,1.1850045585256472
CSA_screen__screen_20250124_133156__plate1_A02_1_1.tif,3,4701,0.8009480152655383,0.9228504122497055,2221,1169.361412465433,263.4456814832141,1091.1449797388564,1239.4092741935483,0.8803750322498082
CSA_screen__screen_20250124_133156__plate1_A02_1_1.tif,4,6196,0.563757470406397,0.8558011049723757,2054,1882.7474176888315,706.6621622167311,2512.3646543330087,1570.5229357798164,1.5996994358350691
CSA_screen__screen_20250124_133156__plate1_A02_1_1.tif,5,10162,0.5339622258841686,0.903128332740846,2617,1519.219051367841,437.2297739861208,2054.4069545280854,1333.587939032472,1.5405110487266203
CSA_screen__screen_20250124_133156__plate1_A02_1_1.tif,6,5713,0.5558099073649663,0.9537562604340568,2072,1432.1037983546298,347.01700474714795,1744.2138030888032,1254.489975281516,1.3903768363692104
CSA_screen__screen_20250124_133156__plate1_A02_1_1.tif,7,4339,0.7036900472071572,0.9375540190146932,1851,1345.8877621571792,306.1766419151365,1588.9065370070232,1165.0888263665595,1.363764290798479
CSA_screen__screen_20250124_133156__plate1_A02_1_1.tif,8,7058,0.854605148412932,0.9345868644067796,2667,1558.2595636157553,414.68188097448535,1909.5185601799776,1344.912320655887,1.4198089576937947
CSA_screen__screen_20250124_133156__plate1_A02_1_1.tif,9,6151,0.8226004149565426,0.9356556130209918,2346,1536.9026174605756,366.74978982254635,1835.1287297527706,1353.0291721419185,1.3563112810403506
CSA_screen__screen_20250124_133156__plate1_A02_1_1.tif,10,4344,0.8231089230691985,0.9048114976046657,2231,2026.5679097605894,599.0009115797297,2447.012550425818,1582.643634642688,1.5461551146846002
CSA_screen__screen_20250124_133156__plate1_A02_1_1.tif,11,1672,0.6891821348404946,0.9858490566037735,1216,948.4994019138755,154.24095283271163,999.1949013157895,813.311403508772,1.2285514465985385
CSA_screen__screen_20250124_133156__plate1_A02_1_1.tif,12,1827,0.4864485685809394,0.9335717935615738,1331,1012.8516694033935,167.7096638962948,1069.403456048084,861.0967741935484,1.2419085613804828
CSA_screen__screen_20250124_133156__plate1_A02_1_1.tif,13,8189,0.5430975618378887,0.9034642541924095,2560,1361.8129197704238,357.2904958146089,1695.15625,1210.2124711316396,1.4007096195388744
CSA_screen__screen_20250124_133156__plate1_A02_1_1.tif,14,3047,0.615324346951545,0.968839427662957,2252,298.26517886445686,42.17611089995998,297.1221136767318,301.50314465408803,0.9854693688771221
CSA_screen__screen_20250124_133156__plate1_A02_1_1.tif,15,5156,0.8472968655668146,0.8669917605515386,1900,2033.7034522885958,717.1923148240628,2672.3368421052633,1661.0365479115478,1.608836870847449
CSA_screen__screen_20250124_133156__plate1_A02_1_1.tif,16,6846,0.675707628245229,0.746158038147139,1725,1778.8702892199824,527.1038350633384,2169.0220289855074,1647.4483499316539,1.3165948596054569
CSA_screen__screen_20250124_133156__plate1_A02_1_1.tif,17,4797,0.8596572478536482,0.8826126954921804,2220,1512.110902647488,411.3647970446807,1811.999099099099,1253.76717112922,1.4452436950212222
CSA_screen__screen_20250124_133156__plate1_A02_1_1.tif,18,4425,0.9202291890919113,0.8855313187912748,1951,1255.587570621469,369.68470374698165,1198.1747821629933,1300.8633791430882,0.9210611977963908
CSA_screen__screen_20250124_133156__plate1_A02_1_1.tif,19,8160,0.6533613739502189,0.9305508039685255,2275,1852.366544117647,763.3793926616751,2815.3516483516482,1480.099575191164,1.9021366504939563
CSA_screen__screen_20250124_133156__plate1_A02_1_1.tif,20,4164,0.8539311256111918,0.9457188280717692,1707,1857.3333333333333,502.9105678200689,2214.2190978324547,1609.3870573870574,1.3758151512833592
CSA_screen__screen_20250124_133156__plate1_A02_1_1.tif,21,3127,0.7289370704626468,0.9507449072666464,2075,1981.3869523504957,1147.3249163316045,2532.7908433734938,893.7794676806084,2.8337984200355173
CSA_screen__screen_20250124_133156__plate1_A02_1_1.tif,22,6606,0.4762612177511487,0.8971886459323645,2187,1208.2334241598546,201.66025618651594,1247.7384545038867,1188.6820547635211,1.0496822506099954
CSA_screen__screen_20250124_133156__plate1_A02_1_1.tif,23,2791,0.5116109483736224,0.9229497354497355,1801,2101.93801504837,1311.6247054960406,2807.52915047196,818.3323232323232,3.4307934206759994
CSA_screen__screen_20250124_133156__plate1_A02_1_1.tif,24,3467,0.7308099716139602,0.9150171549221431,2135,1002.7828093452553,208.46644678065968,946.4290398126464,1093.1096096096096,0.8658134842951858
CSA_screen__screen_20250124_133156__plate1_A02_1_1.tif,25,4054,0.9311038349292735,0.8599915146372508,2207,1483.0207202762704,429.40786441974905,1422.8781150883553,1554.8857606930158,0.9151013862614419
CSA_screen__screen_20250124_133156__plate1_A02_1_1.tif,26,3887,0.8046746427819924,0.8993521517815826,1817,1093.7910985335734,261.1945094078218,1032.5712713263622,1147.528502415459,0.8998218947528357
CSA_screen__screen_20250124_133156__plate1_A02_1_1.tif,27,3908,0.6196559769612648,0.8969474408997016,2167,1832.3375127942682,578.7729745281582,2229.368251038302,1338.1585295807008,1.665997116004524
CSA_screen__screen_20250124_133156__plate1_A02_1_1.tif,28,2010,0.5163934696212437,0.972894482090997,1800,2720.9338308457714,594.4015754816569,2893.3544444444447,1243.0428571428572,2.3276385265547805
CSA_screen__screen_20250124_133156__plate1_A02_1_1.tif,29,6569,0.672445987453778,0.9499638467100506,2375,1482.80331861775,340.81692261848593,1792.277052631579,1307.5529327610873,1.3707108964582615
CSA_screen__screen_20250124_133156__plate1_A02_1_1.tif,30,2017,0.7556932057737266,0.9577397910731245,1879,2584.434804164601,408.0676859659099,2675.554550292709,1343.7536231884058,1.991104994339854
CSA_screen__screen_20250124_133156__plate1_A02_1_1.tif,31,3316,0.7552776354886086,0.8712559117183395,1970,954.9369722557298,108.74887216696959,945.6954314720812,968.462852897474,0.9764911773773495
CSA_screen__screen_20250124_133156__plate1_A02_1_1.tif,32,6202,0.873954313156341,0.8858734466504785,2124,1835.979683972912,621.8771431252288,2398.4712806026364,1543.0095635115254,1.5544111568202352
CSA_screen__screen_20250124_133156__plate1_A02_1_1.tif,33,13318,0.47279283887044676,0.7124210976783995,1966,1792.9605796666167,618.5846894674767,2060.0340793489318,1746.7073643410852,1.1793813442391041
CSA_screen__screen_20250124_133156__plate1_A02_1_1.tif,34,2728,0.6823621161499261,0.9673758865248226,1736,1388.723973607038,271.7847477374062,1483.069124423963,1223.6199596774193,1.2120341064189097
CSA_screen__screen_20250124_133156__plate1_A02_1_1.tif,35,5707,0.6829883041838181,0.961421832884097,2194,1322.4867706325565,223.48686413068367,1378.1604375569736,1287.7164816396244,1.0702359232074041
CSA_screen__screen_20250124_133156__plate1_A02_1_1.tif,36,8526,0.35423979139657996,0.7890061077179344,1600,1620.469153178513,501.15110299231236,1935.14875,1547.7738954663587,1.2502787103906554
CSA_screen__screen_20250124_133156__plate1_A02_1_1.tif,37,3408,0.7213182719990205,0.9265905383360522,1691,1611.9524647887324,490.70485207340766,1940.7072738024838,1288.175888177053,1.5065545719450262
CSA_screen__screen_20250124_133156__plate1_A02_1_1.tif,38,5420,0.5623913427980158,0.9149223497636731,2004,1384.0027675276754,305.2435634344663,1648.3228542914171,1228.9391100702576,1.3412567317490478
CSA_screen__screen_20250124_133156__plate1_A02_1_1.tif,39,2686,0.6904917560124163,0.9487813493465207,2055,924.8987341772151,115.54787176118462,947.1493917274939,852.4342313787639,1.1111113994044253
CSA_screen__screen_20250124_133156__plate1_A02_1_1.tif,40,6714,0.6248346180966506,0.9033907427341227,1952,1458.1429848078642,382.81236206253527,1827.796618852459,1306.617597648047,1.3988764747563103
CSA_screen__screen_20250124_133156__plate1_A02_1_1.tif,41,5598,0.9152858507321481,0.7601846822379141,1856,2478.5718113612006,920.4626666279946,3374.6907327586205,2034.104489577766,1.659054758518885
CSA_screen__screen_20250124_133156__plate1_A02_1_1.tif,42,6055,0.5142878373078104,0.8197942052531817,1802,1792.071676300578,582.5125071246497,2382.009988901221,1542.1142722783918,1.5446390917463775
CSA_screen__screen_20250124_133156__plate1_A02_1_1.tif,43,3365,0.6190758257554605,0.935761957730812,1731,1679.5708766716195,1070.934561572117,2190.441363373772,1138.373317013464,1.9241854413106074
CSA_screen__screen_20250124_133156__plate1_A02_1_1.tif,44,7374,0.8320288285138153,0.8460302891234511,2064,1841.1168972064008,771.0620521467308,2594.0697674418607,1548.443691148776,1.6752754925930464
CSA_screen__screen_20250124_133156__plate1_A02_1_1.tif,45,3003,0.5346748388368264,0.8942823108993448,1898,963.7702297702298,148.0878853847137,998.386195995785,904.3122171945702,1.1040282073077134
CSA_screen__screen_20250124_133156__plate1_A02_1_1.tif,46,3372,0.8243664853350413,0.9659123460326554,1941,1533.2508896797153,427.26213258014207,1752.4111282843894,1235.9832285115303,1.4178275949543286
CSA_screen__screen_20250124_133156__plate1_A02_1_1.tif,47,3578,0.4939265319069999,0.9315282478521218,1984,1479.1458915595304,326.28217042274287,1675.0594758064517,1235.2986198243414,1.355995585945562
CSA_screen__screen_20250124_133156__plate1_A02_1_1.tif,48,4944,0.768124592526897,0.8531492666091458,1825,2091.7928802588995,790.5981584861784,2567.6268493150683,1813.3712728438602,1.415941063899358
CSA_screen__screen_20250124_133156__plate1_A02_1_1.tif,49,9612,0.819978355218062,0.6197292069632495,1842,1686.426966292135,558.6988579097178,2165.1221498371337,1572.9447876447875,1.3764768902531088
CSA_screen__screen_20250124_133156__plate1_A02_1_1.tif,50,4020,0.7728276629005799,0.904997748761819,1829,2288.3853233830846,892.6659660248199,2920.542919628212,1760.6736649931538,1.658764470495768
CSA_screen__screen_20250124_133156__plate1_A02_1_1.tif,51,2041,0.7691134831756292,0.9345238095238095,1877,2198.6467417932386,395.3981405056829,2274.9397975492807,1325.4634146341464,1.7163354132842725
CSA_screen__screen_20250124_133156__plate1_A02_1_1.tif,52,2856,0.6097732147308004,0.98043254376931,1877,1456.4166666666667,224.16622528149978,1565.8076718167288,1246.685393258427,1.2559765922372932
CSA_screen__screen_20250124_133156__plate1_A02_1_1.tif,53,3304,0.7637954071226953,0.8658280922431866,1652,1501.58504842615,808.3002534129824,1685.2917675544795,1317.8783292978208,1.2787916229356473
CSA_screen__screen_20250124_133156__plate1_A02_1_1.tif,54,2765,0.6329923185148209,0.9634146341463414,1940,751.2329113924051,174.15286669567936,762.3175257731958,725.1672727272727,1.0512299085233194
CSA_screen__screen_20250124_133156__plate1_A02_1_1.tif,55,5586,0.7912243352006922,0.8287833827893175,1987,1641.5098460436807,496.2468750193075,2070.4504277805736,1404.6926924145596,1.473952586897585
CSA_screen__screen_20250124_133156__plate1_A02_1_1.tif,56,3049,0.6747758591736875,0.8896994455792238,1681,1613.7445063955395,432.1989212168143,1786.5014872099941,1401.4605263157894,1.2747426371732455
CSA_screen__screen_20250124_133156__plate1_A02_1_1.tif,57,10279,0.832472207293407,0.7632731863072696,2193,1474.099134157019,311.3341485227945,1659.5713634290926,1423.7973039821914,1.1655952422353022
CSA_screen__screen_20250124_133156__plate1_A02_1_1.tif,58,2955,0.6706476906144575,0.8863227354529094,1850,1464.2862944162437,302.3272908513958,1631.967027027027,1183.553846153846,1.3788701142160735
CSA_screen__screen_20250124_133156__plate1_A02_1_1.tif,59,14611,0.7925759869878236,0.679739474296348,1675,1830.1468072000548,580.4796304216989,2290.278208955224,1770.5673314780458,1.2935278812827358
CSA_screen__screen_20250124_133156__plate1_A02_1_1.tif,60,3370,0.7901684123644734,0.9498308906426156,1887,1692.3344213649852,334.56987760279003,1871.6576576576576,1464.1598111935266,1.278315142478849
CSA_screen__screen_20250124_133156__plate1_A02_1_1.tif,61,7042,0.7365215212349928,0.9626794258373206,1899,1603.0585061062197,510.01581827431073,2256.8409689310165,1361.6560373322964,1.6574236863463196
CSA_screen__screen_20250124_133156__plate1_A02_1_1.tif,62,2690,0.8539152113232303,0.9725234996384671,1598,1882.9847583643123,264.6112898421579,1969.8704630788486,1755.838827838828,1.1218970852259038
CSA_screen__screen_20250124_133156__plate1_A02_1_1.tif,63,2496,0.7888199005237645,0.9355322338830585,1601,2535.7483974358975,659.8943072889049,2863.9662710805746,1948.623463687151,1.4697381636067484
CSA_screen__screen_20250124_133156__plate1_A02_1_1.tif,64,4670,0.794925723333433,0.9532557664829557,2072,1175.1222698072804,163.2852650105952,1261.4198841698842,1106.296766743649,1.1402183592046784
CSA_screen__screen_20250124_133156__plate1_A02_1_1.tif,65,3065,0.4945783959053295,0.8173333333333334,1782,1532.842740619902,912.7510223367752,2081.2059483726152,771.203429462198,2.6986471647616415
CSA_screen__screen_20250124_133156__plate1_A02_1_1.tif,66,4413,0.8386508614839928,0.8517660683265779,1946,1910.7326082030365,655.7809577205473,2551.0832476875644,1405.6161329550062,1.814921718580776
CSA_screen__screen_20250124_133156__plate1_A02_1_1.tif,67,2421,0.6432514471875698,0.9584323040380047,1818,2096.531598513011,380.7401978218046,2220.974697469747,1721.3449419568822,1.290255452776867
CSA_screen__screen_20250124_133156__plate1_A02_1_1.tif,68,3218,0.855214462067623,0.9255104975553639,1587,1211.1622125543815,222.16446640289732,1221.022054190296,1201.5683629675045,1.0161902491962647
CSA_screen__screen_20250124_133156__plate1_A02_1_1.tif,69,3777,0.624847853849599,0.9183078045222466,1726,1523.3068572941488,333.28043901975394,1747.795480880649,1334.3905411994149,1.3098080561254921
CSA_screen__screen_20250124_133156__plate1_A02_1_1.tif,70,2417,0.6122347719963577,0.9500786163522013,1725,1937.0082747207282,384.4075582041956,2044.4011594202898,1669.3020231213873,1.2247041764183055
CSA_screen__screen_20250124_133156__plate1_A02_1_1.tif,71,7210,0.7649549299631203,0.9418680600914435,1915,1517.6722607489598,341.3137997854983,1521.3211488250652,1516.352596789424,1.0032766469000423
CSA_screen__screen_20250124_133156__plate1_A02_1_1.tif,72,1772,0.678670102122787,0.9331226961558715,1520,2555.207110609481,465.60703901481025,2663.2138157894738,1903.7380952380952,1.3989391831003901
CSA_screen__screen_20250124_133156__plate1_A02_1_1.tif,73,5381,0.8348211973350859,0.8889806707417809,1819,1445.9864337483739,244.34802259027373,1638.901594282573,1347.470802919708,1.2162798561062629
CSA_screen__screen_20250124_133156__plate1_A02_1_1.tif,74,6821,0.6485461172163257,0.9808743169398907,1874,1836.2593461369302,553.4606701626606,2356.234258271078,1639.2848190822722,1.4373550165554383
CSA_screen__screen_20250124_133156__plate1_A02_1_1.tif,75,6483,0.9010009932774941,0.850675764335389,2188,2110.712787289835,923.4053505880655,2996.2408592321754,1659.5986030267752,1.8054009287351969
CSA_screen__screen_20250124_133156__plate1_A02_1_1.tif,76,3529,0.8596690191866028,0.8247254031315728,2015,1784.2490790592235,267.6561585861676,1921.629776674938,1601.407529722589,1.1999629956828173
CSA_screen__screen_20250124_133156__plate1_A02_1_1.tif,77,6456,0.6702096630316906,0.8431500587697531,1852,1479.221654275093,362.6925745400745,1746.4659827213823,1371.7202432667245,1.2731939995010995
CSA_screen__screen_20250124_133156__plate1_A02_1_1.tif,78,3761,0.8532211836805171,0.896329837940896,2279,1699.6575378888595,987.69054669735,2237.500219394471,872.5701754385965,2.564263920973226
CSA_screen__screen_20250124_133156__plate1_A02_1_1.tif,79,5299,0.18516404325821906,0.9238145048814504,1820,2242.171164370636,838.0119893599293,2817.752747252747,1941.0620868065537,1.4516551358171803
CSA_screen__screen_20250124_133156__plate1_A02_1_1.tif,80,6053,0.8641552702530358,0.791345273892012,1709,2045.0791343135636,907.0999593278385,3039.33762434172,1653.9217311233886,1.8376550517159718
CSA_screen__screen_20250124_133156__plate1_A02_1_1.tif,81,4724,0.6313638672431963,0.9313880126182965,1679,1754.989415749365,505.5977606453567,2130.002977963073,1548.208538587849,1.3757855772491023
CSA_screen__screen_20250124_133156__plate1_A02_1_1.tif,82,2101,0.4919902169827156,0.9682027649769586,1511,1829.6787244169443,515.6688517396037,2086.80675049636,1171.1694915254238,1.7818144731368795
CSA_screen__screen_20250124_133156__plate1_A02_1_1.tif,83,7701,0.6803036125543596,0.8694817658349329,1704,2186.315932995715,939.812748296941,3268.826291079812,1878.7291979322995,1.7399134982718276
CSA_screen__screen_20250124_133156__plate1_A02_1_1.tif,84,4356,0.5302344398343322,0.906744379683597,1406,2031.5656565656566,693.7079427803485,2541.391891891892,1788.577288135593,1.4209013548086762
CSA_screen__screen_20250124_133156__plate1_A02_1_1.tif,85,3144,0.8700641543578975,0.8422180551834986,1669,1570.214058524173,338.845571824925,1661.8849610545237,1466.4861016949153,1.1332428988817371
CSA_screen__screen_20250124_133156__plate1_A02_1_1.tif,86,12555,0.8070464863302333,0.7190721649484536,1976,1940.9652727996813,588.4722980973296,2506.480769230769,1835.3353814160128,1.3656799703261584
CSA_screen__screen_20250124_133156__plate1_A02_1_1.tif,87,1965,0.5887570301160155,0.8238993710691824,1356,329.3190839694656,177.12928090772027,282.86578171091446,432.752052545156,0.6536439978673435
CSA_screen__screen_20250124_133156__plate1_A02_1_1.tif,88,3413,0.8169743674231082,0.9464780920687743,2142,1043.9329036038675,213.12012436967657,1100.4332399626517,948.7136113296617,1.1599214207756001
CSA_screen__screen_20250124_133156__plate1_A02_1_1.tif,89,1692,0.7857620857762388,0.9935408103347034,1054,1540.9036643026004,135.29137039674987,1588.8605313092978,1461.6771159874609,1.087011976811251
CSA_screen__screen_20250124_133156__plate1_A02_1_1.tif,90,8628,0.9342388181882807,0.6603398132557784,1566,1867.3905887807139,490.12737571672096,2248.9214559386974,1782.7860379495894,1.2614645886082985
CSA_screen__screen_20250124_133156__plate1_A02_1_1.tif,91,2357,0.8591345970312531,0.991586032814472,1804,1589.8137462876539,186.61909599410362,1618.979490022173,1494.6690777576853,1.0831691871561155
CSA_screen__screen_20250124_133156__plate1_A02_1_1.tif,92,2569,0.5139320113102882,0.9287780187997108,1866,743.8781627092254,70.68569476565195,759.9807073954984,701.1365576102418,1.0839268030550588
CSA_screen__screen_20250124_133156__plate1_A02_1_1.tif,93,3136,0.7836872854517841,0.9071449233439398,2054,1410.5271045918366,797.3237993278043,1737.9371957156768,788.992606284658,2.2027293815839033
CSA_screen__screen_20250124_133156__plate1_A02_1_1.tif,94,2794,0.8803410622106661,0.9071428571428571,1724,1971.5064423765211,1208.4463090613708,2635.147331786543,902.2383177570093,2.9206776967061163
CSA_screen__screen_20250124_133156__plate1_A02_1_1.tif,95,2533,0.7386103341490103,0.9381481481481482,1668,2039.714962495065,509.535342619309,2315.8794964028775,1507.1803468208093,1.5365642879353545
CSA_screen__screen_20250124_133156__plate1_A02_1_1.tif,96,11424,0.649209460007824,0.5780791417872685,2198,1579.7441351540617,345.5573380372871,1782.4840764331211,1531.4434207673964,1.1639242118000872
CSA_screen__screen_20250124_133156__plate1_A02_1_1.tif,97,2495,0.760757207882282,0.9681800543267365,1764,1340.2284569138276,226.84945417952133,1420.767573696145,1145.876880984952,1.2398954872664045
CSA_screen__screen_20250124_133156__plate1_A02_1_1.tif,98,2405,0.6807153530201064,0.8685446009389671,1607,1806.939708939709,1168.502791038329,2415.6328562538893,581.1629072681704,4.156550299482939
CSA_screen__screen_20250124_133156__plate1_A02_1_1.tif,99,4435,0.645895387913561,0.9325063078216989,1864,1220.8996617812852,182.00696763642262,1340.0772532188842,1134.4947491248543,1.1812106263626303
CSA_screen__screen_20250124_133156__plate1_A02_1_1.tif,100,3666,0.8801484613047216,0.8454797047970479,2293,1775.4004364429895,408.2007665809001,2019.0933275185346,1368.4173343044429,1.4754952870754343
CSA_screen__screen_20250124_133156__plate1_A02_1_1.tif,101,1113,0.39439734322107,0.7148362235067437,1088,1595.5426774483378,100.02347533448587,1597.1286764705883,1526.52,1.0462546684423317
CSA_screen__screen_20250124_133156__plate1_A02_1_1.tif,102,3432,0.9167346823726416,0.7655587776042828,1321,1859.6247086247085,414.17899263997253,1759.0893262679788,1922.5367124585505,0.9149834772301673
CSA_screen__screen_20250124_133156__plate1_A02_1_1.tif,103,2853,0.7332365548256488,0.9191365979381443,2017,1063.8194882579742,119.18126473931443,1098.483886960833,980.1854066985646,1.120689901577619
CSA_screen__screen_20250124_133156__plate1_A02_1_1.tif,104,2581,0.7287937866634021,0.9520472150497972,1908,458.644323905463,318.96814184059,434.26205450733755,527.7696879643388,0.8228249261194411
CSA_screen__screen_20250124_133156__plate1_A02_1_1.tif,105,6056,0.8595135746748875,0.8646487721302113,2125,1836.437747688243,677.428037111063,2508.7830588235292,1472.9847367082168,1.7031969146062464
CSA_screen__screen_20250124_133156__plate1_A02_1_1.tif,106,3739,0.8344945065339258,0.9186732186732187,1786,1285.9328697512703,201.8541918731452,1364.4507278835385,1214.1290322580646,1.1238103130981905
CSA_screen__screen_20250124_133156__plate1_A02_1_1.tif,107,2285,0.8074995991396203,0.9612957509465713,1663,1485.852078774617,281.09580042481326,1617.0637402285026,1135.040192926045,1.4246753113295827
CSA_screen__screen_20250124_133156__plate1_A02_1_1.tif,108,2102,0.48440287566857004,0.9243623570800352,1478,2001.3996194100857,1162.7872920470027,2474.8389715832204,880.0160256410256,2.812265799114835
CSA_screen__screen_20250124_133156__plate1_A02_1_1.tif,109,4010,0.7278676693712338,0.969301426154218,1445,2737.432668329177,1198.3639038143626,3717.5065743944638,2185.305263157895,1.701138343035173
CSA_screen__screen_20250124_133156__plate1_A02_1_1.tif,110,4141,0.7405159649197682,0.8723404255319149,1519,1850.6097560975609,518.2063765293194,2118.5924950625413,1695.359649122807,1.2496419247436485
CSA_screen__screen_20250124_133156__plate1_A02_1_1.tif,111,4936,0.4547207959619701,0.8012987012987013,1363,1873.2599270664505,563.1401550060353,2462.3528980190754,1648.5373635600336,1.493659138365902
CSA_screen__screen_20250124_133156__plate1_A02_1_1.tif,112,1994,0.6296149828047007,0.9287377736376339,1686,2218.539117352056,523.7378367938408,2392.039145907473,1268.7954545454545,1.8852835083369843
CSA_screen__screen_20250124_133156__plate1_A02_1_1.tif,113,2005,0.7371938354367502,0.8357649020425177,1572,1791.2663341645884,370.6641796203727,1861.7099236641222,1535.5219399538107,1.2124280840429564
CSA_screen__screen_20250124_133156__plate1_A02_1_1.tif,114,2333,0.8666788419415875,0.9668462494819726,1649,2258.118731247321,694.3702744637858,2589.851425106125,1458.3713450292398,1.775851832205466
CSA_screen__screen_20250124_133156__plate1_A02_1_1.tif,115,1770,0.8059957073229823,0.9572742022714981,1661,1833.809604519774,302.46689209185854,1877.5725466586393,1166.926605504587,1.6089894067046009
CSA_screen__screen_20250124_133156__plate1_A02_1_1.tif,116,4838,0.7804728385088511,0.9546172059984215,1663,2030.1095494005788,680.4253147235657,2522.0559230306676,1772.4381102362204,1.4229303175469086
CSA_screen__screen_20250124_133156__plate1_A02_1_1.tif,117,3775,0.6603226170695471,0.9028940444869649,1595,1694.5006622516557,797.6186978864679,2471.5648902821317,1125.9605504587155,2.1950723666785823
CSA_screen__screen_20250124_133156__plate1_A02_1_1.tif,118,2910,0.768860881421973,0.8415268941584731,1352,2348.174226804124,470.6469177540765,2614.198224852071,2117.324133504493,1.2346707731164315
CSA_screen__screen_20250124_133156__plate1_A02_1_1.tif,119,8115,0.6544453355500003,0.9237336368810473,1744,1827.1035120147874,673.3435029444294,2564.7855504587155,1625.1701459739445,1.57816432747826
CSA_screen__screen_20250124_133156__plate1_A02_1_1.tif,120,2512,0.7771918406220486,0.9252302025782688,1780,2125.0987261146497,507.21782243261293,2343.9960674157305,1592.8073770491803,1.4716130156040557
CSA_screen__screen_20250124_133156__plate1_A02_1_1.tif,121,6784,0.6000045147882033,0.7734579865465739,1708,1737.9311615566037,441.82063075425697,2156.504098360656,1597.0874704491725,1.3502730052438208
CSA_screen__screen_20250124_133156__plate1_A02_1_1.tif,122,4288,0.8849490882483849,0.9337979094076655,1811,1310.6588152985075,167.2215871212289,1392.9044726670347,1250.5268469923294,1.1138541135819202
CSA_screen__screen_20250124_133156__plate1_A02_1_1.tif,123,2892,0.719161124752075,0.943864229765013,1618,1115.1670124481327,193.94128163884116,1194.071693448702,1014.9568288854003,1.1764753529073755
CSA_screen__screen_20250124_133156__plate1_A02_1_1.tif,124,2122,0.7293268787415681,0.9473214285714285,1454,2188.440150801131,1131.460308719202,2778.2654745529576,904.5988023952095,3.071268132565096
CSA_screen__screen_20250124_133156__plate1_A02_1_1.tif,125,2375,0.6842810041139502,0.9769642122583299,1623,1363.1616842105263,841.4398446555795,1713.935921133703,606.1050531914893,2.827786886297765
CSA_screen__screen_20250124_133156__plate1_A02_1_1.tif,126,3390,0.5513976846864107,0.9073875802997858,1759,1126.2330383480826,157.90575014582757,1143.5633882888005,1107.5426118945431,1.032523151712096
CSA_screen__screen_20250124_133156__plate1_A02_1_1.tif,127,2419,0.7849545346330955,0.8841374269005848,1360,1250.354278627532,840.5665876375726,1643.8536764705882,745.010387157696,2.2064842380816825
CSA_screen__screen_20250124_133156__plate1_A02_1_1.tif,128,2860,0.6200591255243072,0.719677906391545,1062,1713.418181818182,1187.138575967667,2776.2391713747647,1085.6562847608454,2.5571990051955815
CSA_screen__screen_20250124_133156__plate1_A02_1_1.tif,129,2866,0.6098670292403805,0.9499502817368246,1376,1734.5073272854152,566.5790205988376,2067.826308139535,1426.6906040268457,1.4493866450813362
CSA_screen__screen_20250124_133156__plate1_A02_1_1.tif,130,2743,0.7663218325678072,0.975809320526503,1901,707.4458621946774,120.28191109751943,747.7743293003682,616.395486935867,1.21314050013181
CSA_screen__screen_20250124_133156__plate1_A02_1_1.tif,131,5354,0.6631194772668147,0.8754087638979725,1880,1389.7463578632799,310.6191232641489,1630.1122340425532,1259.6692573402418,1.2940795566325813
CSA_screen__screen_20250124_133156__plate1_A02_1_1.tif,132,3882,0.5222854406206077,0.7036432843936922,1720,1653.9294178258629,288.6733689240076,1717.6075581395348,1603.2696577243294,1.0713154520603203
CSA_screen__screen_20250124_133156__plate1_A02_1_1.tif,133,2003,0.42366161173563227,0.9439208294062206,1436,1959.1058412381428,1161.1225230399086,2445.0543175487464,728.379188712522,3.356842638338703
CSA_screen__screen_20250124_133156__plate1_A02_1_1.tif,134,3222,0.7805171635621281,0.9496021220159151,1430,1139.0347610180013,154.27994188373705,1223.3384615384616,1071.7611607142858,1.1414282457512788
CSA_screen__screen_20250124_133156__plate1_A02_1_1.tif,135,2540,0.546800612098209,0.9484690067214339,1521,1874.2161417322834,1073.5934230091113,2500.040105193951,940.0863591756624,2.6593728127128364
CSA_screen__screen_20250124_133156__plate1_A02_1_1.tif,136,2165,0.631458049506866,0.9765448804691024,1486,1636.9173210161662,918.3883982156561,2069.028936742934,691.2356406480118,2.993232430554773
CSA_screen__screen_20250124_133156__plate1_A02_1_1.tif,137,7565,0.8223303958526917,0.7048355538991894,977,1775.9986781229345,608.2584320474956,2256.07164790174,1704.8038858530663,1.32336139459984
CSA_screen__screen_20250124_133156__plate1_A02_1_1.tif,138,5648,0.4520643606808165,0.9146558704453441,1940,1862.4006728045326,636.3797798479018,2427.4829896907218,1566.7535059331176,1.5493713468635106
CSA_screen__screen_20250124_133156__plate1_A02_1_1.tif,139,2767,0.6749964766696711,0.9042483660130719,1639,1895.5215034333212,1176.5958257061875,2640.7876754118365,812.6391843971631,3.249643539365926
CSA_screen__screen_20250124_133156__plate1_A02_1_1.tif,140,4024,0.614761982665174,0.8011148715906828,1825,1978.8779821073558,430.0691172343248,2123.6882191780824,1858.6966803092314,1.142568468366105
CSA_screen__screen_20250124_133156__plate1_A02_1_1.tif,141,7393,0.701081512382727,0.5046071940481879,1640,2085.6533207087787,665.0786034933734,2648.913414634146,1925.085520597949,1.375997786223736
CSA_screen__screen_20250124_133156__plate1_A02_1_1.tif,142,5294,0.6243526237200895,0.9396521121760738,1851,1330.1231582924065,288.10727250866574,1443.7179902755267,1269.053151321522,1.1376339822899604
CSA_screen__screen_20250124_133156__plate1_A02_1_1.tif,143,1926,0.5598169341354932,0.9605985037406484,1249,2581.269989615784,1072.8695500601225,3221.4115292233787,1400.2703101920235,2.3005640452246796
CSA_screen__screen_20250124_133156__plate1_A02_1_1.tif,144,4330,0.6937712461718607,0.9264013692768507,1560,1467.3237875288683,362.00125873802966,1584.6833333333334,1401.2296028880867,1.1309233904758569
CSA_screen__screen_20250124_133156__plate1_A02_1_1.tif,145,1553,0.7246239796255706,0.9349789283564118,1348,2284.0740502253702,296.5647061087214,2352.9933234421364,1830.8878048780489,1.2851652172093984
CSA_screen__screen_20250124_133156__plate1_A02_1_1.tif,146,4783,0.7994696816808253,0.8316814467049208,1500,1987.7200501777127,590.8947906315315,2377.4326666666666,1809.6606762107829,1.3137450008831113
CSA_screen__screen_20250124_133156__plate1_A02_1_1.tif,147,2771,0.45699532946842203,0.9463797814207651,1603,1482.8798267773368,276.45378922293474,1584.8016219588271,1342.9991438356165,1.1800466360928725
CSA_screen__screen_20250124_133156__plate1_A02_1_1.tif,148,7503,0.5383683947180272,0.8431284413979099,1796,2183.204718112755,870.1524943336307,3012.4086859688196,1922.2531978272298,1.5671237740032475
CSA_screen__screen_20250124_133156__plate1_A02_1_1.tif,149,2304,0.7555824855961778,0.8577810871183916,1298,2094.4609375,438.4663358124404,2356.588597842835,1756.248508946322,1.3418309458134103
CSA_screen__screen_20250124_133156__plate1_A02_1_1.tif,150,2968,0.8255276905670774,0.9004854368932039,1241,2140.0400943396226,583.1932336592863,2623.4987912973406,1792.63288940359,1.463489154307651
CSA_screen__screen_20250124_133156__plate1_A02_1_1.tif,151,1953,0.7244478030697212,0.9730941704035875,1427,2527.379928315412,652.0760104831445,2807.30833917309,1767.954372623574,1.5878850623317593
CSA_screen__screen_20250124_133156__plate1_A02_1_1.tif,152,4230,0.7703447251110871,0.6803924722534985,1308,1849.230023640662,564.5275501607899,2268.6750764525996,1661.47022587269,1.3654623724966086
CSA_screen__screen_20250124_133156__plate1_A02_1_1.tif,153,3928,0.7792074202561513,0.8585792349726776,1418,1736.4501018329938,514.3898245531877,2163.558533145275,1495.1593625498008,1.4470420928613295
CSA_screen__screen_20250124_133156__plate1_A02_1_1.tif,154,1733,0.5612841280219779,0.9643850862548692,1261,281.5418349682631,159.35827059062427,242.45915939730372,385.9555084745763,0.6282049460974982
CSA_screen__screen_20250124_133156__plate1_A02_1_1.tif,155,15677,0.9206402206745725,0.6429743253219589,1996,1625.4180646807424,508.5696124538837,2218.61623246493,1538.872962502741,1.4417149995648053
CSA_screen__screen_20250124_133156__plate1_A02_1_1.tif,156,4272,0.6999437934132785,0.9449236894492369,1657,1178.3890449438202,200.86294135448372,1220.089318044659,1151.9655831739963,1.059136953278554
CSA_screen__screen_20250124_133156__plate1_A02_1_1.tif,157,5455,0.668023890958761,0.8339703409264638,1562,1569.9076076993583,384.4784884150828,1761.3738796414852,1493.0850244027743,1.179687593709558
CSA_screen__screen_20250124_133156__plate1_A02_1_1.tif,158,2294,0.5789440888319578,0.9650820361800589,1488,2044.520052310375,376.5023394159711,2187.319892473118,1780.8895781637716,1.2282175825456882
CSA_screen__screen_20250124_133156__plate1_A02_1_1.tif,159,2393,0.2536822673262664,0.8879406307977736,1784,1580.1090681153364,457.2059087701086,1575.7886771300448,1592.7651888341543,0.9893414849702136
CSA_screen__screen_20250124_133156__plate1_A02_1_1.tif,160,1798,0.8307504731734294,0.919693094629156,1427,2440.074527252503,485.43122006920805,2614.1934127540294,1770.3504043126684,1.4766531000787835
CSA_screen__screen_20250124_133156__plate1_A02_1_1.tif,161,3118,0.5008067426630973,0.9299135102892931,1034,1353.8701090442592,298.0788079549034,1682.1624758220503,1190.9841650671785,1.4124138046177688
CSA_screen__screen_20250124_133156__plate1_A02_1_1.tif,162,7334,0.8181421688643356,0.8613035819142689,1724,2279.5197709299155,891.1542007235925,3142.606148491879,2014.2860962566845,1.5601587849571348
CSA_screen__screen_20250124_133156__plate1_A02_1_1.tif,163,2299,0.30668830285947046,0.9101346001583531,1125,1474.326663766855,406.03562201934284,1783.1075555555556,1178.4335604770017,1.513116746975363
CSA_screen__screen_20250124_133156__plate1_A02_1_1.tif,164,1137,0.9258172775170168,0.9490818030050083,680,1687.623570800352,365.3771691215882,1887.6808823529411,1389.945295404814,1.3580972492900625
CSA_screen__screen_20250124_133156__plate1_A02_1_1.tif,165,11009,0.7928008563212735,0.791558815070463,1488,1646.0849305113998,549.9642027995775,2382.4086021505377,1531.0077722928263,1.5561048384376648
CSA_screen__screen_20250124_133156__plate1_A02_1_1.tif,166,4499,0.9112380882954051,0.8475885455915599,1795,1648.8797510557902,311.6150281182323,1835.7470752089137,1524.8313609467455,1.2039017049525562
CSA_screen__screen_20250124_133156__plate1_A02_1_1.tif,167,2221,0.6860105631854957,0.9507705479452054,1434,1620.40522287258,1127.0220048492463,2204.2245467224548,556.6226175349428,3.9599981698265814
CSA_screen__screen_20250124_133156__plate1_A02_1_1.tif,168,1727,0.693600875589739,0.9567867036011081,1292,2001.4806022003474,1182.2226138446526,2402.6037151702785,810.0988505747126,2.9658154846976847
CSA_screen__screen_20250124_133156__plate1_A02_1_1.tif,169,3702,0.7588700478071883,0.738185443668993,1295,1761.5623987034035,635.8154781707051,2280.746718146718,1482.2339011217282,1.5387225433318519
CSA_screen__screen_20250124_133156__plate1_A02_1_1.tif,170,2379,0.7262207689204664,0.9565741857659831,1276,2243.923076923077,974.7305791567667,2891.925548589342,1494.2846781504986,1.9353243668192643
CSA_screen__screen_20250124_133156__plate1_A02_1_1.tif,171,6500,0.7313842244555372,0.705371676614216,1594,1311.967076923077,302.49015062273236,1584.1286072772898,1223.5395434162251,1.294709775259302
CSA_screen__screen_20250124_133156__plate1_A02_1_1.tif,172,1776,0.5421298693830522,0.9568965517241379,1352,2188.018018018018,592.3119305727131,2465.954881656805,1301.7665094339623,1.8943142750915125
CSA_screen__screen_20250124_133156__plate1_A02_1_1.tif,173,2220,0.5554167838907376,0.9511568123393316,1465,2194.527927927928,583.1241338911786,2477.764505119454,1644.9364238410596,1.5062980363299838
CSA_screen__screen_20250124_133156__plate1_A02_1_1.tif,174,2676,0.879765168387149,0.8834598877517332,1261,2510.346038863976,1076.0829827609707,3317.1459159397305,1791.3533568904593,1.8517540959634202
CSA_screen__screen_20250124_133156__plate1_A02_1_1.tif,175,2285,0.7207979874592814,0.938783894823336,1433,1388.2153172866522,967.637085898469,1762.242149337055,759.1302816901408,2.321396197519046
CSA_screen__screen_20250124_133156__plate1_A02_1_1.tif,176,2604,0.7843479934983374,0.9188426252646437,1559,1817.9877112135177,626.902423095072,2217.825529185375,1221.4832535885168,1.8156823048287962
CSA_screen__screen_20250124_133156__plate1_A02_1_1.tif,177,1989,0.7582798310441838,0.9683544303797469,888,1721.7757667169433,1042.7668448921902,2254.1835585585586,1292.3678474114442,1.7442275146921897
CSA_screen__screen_20250124_133156__plate1_A02_1_1.tif,178,3795,0.6910901850030631,0.6848944233892799,801,1350.2959156785244,610.4020676889273,1748.6279650436954,1243.7281229124917,1.4059567624384484
CSA_screen__screen_20250124_133156__plate1_A02_1_1.tif,179,2750,0.8115350558683162,0.9331523583305056,1456,1940.4974545454545,642.1234470615817,2347.7369505494507,1482.274343122102,1.5838747809696498
CSA_screen__screen_20250124_133156__plate1_A02_1_1.tif,180,489,0.9935306018242661,0.9607072691552063,270,1537.4580777096114,366.83035031364733,1818.0777777777778,1191.4885844748858,1.5258877017097425
CSA_screen__screen_20250124_133156__plate1_A02_1_1.tif,181,2229,0.7840568714788746,0.8919567827130852,865,1319.1009421265142,307.44487758574036,1619.756069364162,1128.4362170087977,1.4353988687617014
CSA_screen__screen_20250124_133156__plate1_A02_1_1.tif,182,5240,0.7198608515175337,0.9410919540229885,1678,2302.708778625954,947.6313804053992,3331.1019070321813,1818.249578888265,1.832037771772191
CSA_screen__screen_20250124_133156__plate1_A02_1_1.tif,183,3049,0.8427955066371439,0.8996754204780171,1357,1370.2981305346016,376.211732879893,1630.9211495946943,1161.2760047281324,1.4044216387442803
CSA_screen__screen_20250124_133156__plate1_A02_1_1.tif,184,2581,0.8408562006329742,0.8820915926179084,1476,1706.8113134444013,506.43522450304886,1941.7310298102982,1393.0180995475114,1.3939022259947829
CSA_screen__screen_20250124_133156__plate1_A02_1_1.tif,185,983,0.5983344429274718,0.9186915887850468,939,2617.680569684639,235.8086662081824,2620.110756123536,2565.818181818182,1.0211599460515481
CSA_screen__screen_20250124_133156__plate1_A02_1_1.tif,186,1472,0.5767579666969079,0.9639816633922724,1107,178.44972826086956,51.46449203230855,171.62330623306232,199.15342465753426,0.8617642730883843
CSA_screen__screen_20250124_133156__plate1_A02_1_1.tif,187,1587,0.5182815903614523,0.9178716020821284,1093,2061.9067422810335,1206.875336146729,2679.790484903934,694.8076923076923,3.85688085289246
CSA_screen__screen_20250124_133156__plate1_A02_1_1.tif,188,2006,0.2797457392012416,0.9662813102119461,1409,887.4745762711865,128.12263995519157,865.3520227111427,939.6867671691792,0.920894124451735
CSA_screen__screen_20250124_133156__plate1_A02_1_1.tif,189,1818,0.7874267750871593,0.9701173959445037,1116,2454.7128712871286,945.6088620446322,2952.103046594982,1663.9900284900284,1.77411101992831
CSA_screen__screen_20250124_133156__plate1_A02_1_1.tif,190,6054,0.5534429345149847,0.8646101113967438,1560,1857.3320118929632,609.0260762794866,2465.5333333333333,1646.2073876279483,1.4977051809286115
CSA_screen__screen_20250124_133156__plate1_A02_1_1.tif,191,2870,0.6892545561928121,0.913430935709739,1546,841.602787456446,326.1127512728577,714.5685640362225,989.9373111782477,0.721832136204388
CSA_screen__screen_20250124_133156__plate1_A02_1_1.tif,192,4483,0.43698046278242253,0.9511988117971568,1699,2223.8396163283514,448.8727193743891,2424.897586815774,2101.139367816092,1.1540869796448552
CSA_screen__screen_20250124_133156__plate1_A02_1_1.tif,193,1366,0.6192751974296113,0.9525801952580195,1218,515.4575402635431,198.42364692337293,511.95566502463055,544.277027027027,0.9406159723864453
CSA_screen__screen_20250124_133156__plate1_A02_1_1.tif,194,1607,0.6008503990555435,0.9727602905569007,1190,789.8817672682017,93.17381611708376,788.4285714285714,794.0287769784172,0.9929471000142379
CSA_screen__screen_20250124_133156__plate1_A02_1_1.tif,195,2335,0.41770635838294284,0.9515077424612877,1322,1993.2912205567452,518.6958691739138,2257.9054462934946,1647.9605133267523,1.3701210848404621
CSA_screen__screen_20250124_133156__plate1_A02_1_1.tif,196,1628,0.8057670531842448,0.9633136094674556,1298,1799.031941031941,413.81997381016083,1928.506933744222,1289.7636363636364,1.495240584686866
CSA_screen__screen_20250124_133156__plate1_A02_1_1.tif,197,3903,0.9460081418434376,0.9594395280235988,1153,1623.2644119907764,408.50778647821346,1713.8135299219427,1585.2996363636364,1.081065995733836
CSA_screen__screen_20250124_133156__plate1_A02_1_1.tif,198,4030,0.8661868649332691,0.8636948135447922,1548,1853.8655086848635,468.5874425775477,2261.2416020671835,1599.7888799355358,1.4134625077268328
CSA_screen__screen_20250124_133156__plate1_A02_1_1.tif,199,2739,0.6927509921147373,0.916973552058922,1741,1918.0361445783133,1112.4882066842633,2548.631820792648,817.9689378757515,3.115805139754319
CSA_screen__screen_20250124_133156__plate1_A02_1_1.tif,200,2073,0.14755867379568055,0.9250334672021419,1520,2130.0554751567774,625.8098778332055,2398.3151315789473,1392.7052441229657,1.7220550735337028
CSA_screen__screen_20250124_133156__plate1_A02_1_1.tif,201,2572,0.7032230982178667,0.9228561176892717,1534,1638.1792379471228,1054.565915792321,2217.8572359843547,781.5067437379577,2.8379246292569564
CSA_screen__screen_20250124_133156__plate1_A02_1_1.tif,202,1950,0.535160576938724,0.9803921568627451,1278,1655.3092307692307,1044.9761863398405,2147.1541471048513,719.9255952380952,2.982466745601315
CSA_screen__screen_20250124_133156__plate1_A02_1_1.tif,203,1357,0.7813580814630334,0.9332874828060522,884,1894.1635961680176,1128.8284663629684,2536.064479638009,694.5010570824525,3.6516351613514137
CSA_screen__screen_20250124_133156__plate1_A02_1_1.tif,204,2913,0.6495692253949705,0.975225979243388,1482,2290.6412633024374,648.9688660672912,2490.9541160593794,2083.1893780573027,1.1957405996291808
CSA_screen__screen_20250124_133156__plate1_A02_1_1.tif,205,2297,0.6621348359803915,0.9390842191332788,1509,1914.8924684370918,529.797122537548,2189.8793903247183,1388.2994923857868,1.5773825477393353
CSA_screen__screen_20250124_133156__plate1_A02_1_1.tif,206,3433,0.6390795923319663,0.6495742667928098,1290,2252.1173900378676,448.00138352715095,2500.906201550388,2102.3565095660288,1.1895728389409217
CSA_screen__screen_20250124_133156__plate1_A02_1_1.tif,207,3286,0.8611254944856659,0.9029953283869195,1655,1386.066037735849,203.36104830494094,1488.5510574018126,1282.0729613733906,1.1610501915641658
CSA_screen__screen_20250124_133156__plate1_A02_1_1.tif,208,3170,0.713862228200321,0.8496381667113374,1885,920.4788643533122,201.22522269161672,976.6535809018568,838.0747081712062,1.1653538418228235
CSA_screen__screen_20250124_133156__plate1_A02_1_1.tif,209,2430,0.6944748646583015,0.9232522796352584,1671,1587.7967078189301,869.3047658653664,1945.1915020945542,800.9631093544137,2.4285656597373166
CSA_screen__screen_20250124_133156__plate1_A02_1_1.tif,210,1565,0.5954781133706358,0.969640644361834,1088,2394.97571884984,558.7785944551638,2632.879595588235,1852.335429769392,1.4213838127125915
CSA_screen__screen_20250124_133156__plate1_A02_1_1.tif,211,1378,0.6306967447103212,0.9143994691439947,1137,1937.4579100145138,215.98488776016217,1983.9498680738786,1718.1161825726142,1.1547239285664719
CSA_screen__screen_20250124_133156__plate1_A02_1_1.tif,212,1850,0.7986851881459788,0.97317201472909,1563,2209.5816216216217,468.00545860476547,2369.932821497121,1336.3101045296166,1.7734901603032789
CSA_screen__screen_20250124_133156__plate1_A02_1_1.tif,213,1512,0.5321166545329868,0.9723472668810289,1123,1557.7314814814815,287.0668498982486,1655.8913624220836,1274.3547557840618,1.299395913819364
CSA_screen__screen_20250124_133156__plate1_A02_1_1.tif,214,3225,0.20891742872603833,0.9099887133182845,1755,1443.3872868217054,288.4160535258021,1604.6074074074074,1250.9102040816326,1.2827518731334075
CSA_screen__screen_20250124_133156__plate1_A02_1_1.tif,215,3082,0.6927907337018073,0.9710144927536232,1263,1208.8186242699546,256.0482884645433,1228.3095803642123,1195.2853216052777,1.0276287662552257
CSA_screen__screen_20250124_133156__plate1_A02_1_1.tif,216,1881,0.7748543729643605,0.8334071776694727,697,1291.5034556087187,715.7560492775266,2081.4921090387375,826.4510135135135,2.5185910295997265
CSA_screen__screen_20250124_133156__plate1_A02_1_1.tif,217,2105,0.6529209971827462,0.9384752563530985,1535,1042.7097387173396,191.72574143528655,1020.9381107491856,1101.340350877193,0.9269960098492998
CSA_screen__screen_20250124_133156__plate1_A02_1_1.tif,218,4716,0.834610707780437,0.7092795909159272,1555,2014.6393129770993,710.9540051425242,2575.2334405144693,1738.8645998101867,1.4809856045120362
CSA_screen__screen_20250124_133156__plate1_A02_1_1.tif,219,2880,0.8540567717256418,0.8991570402747424,1430,1335.925,951.5024332528589,1984.8916083916083,695.9096551724137,2.8522259946226
CSA_screen__screen_20250124_133156__plate1_A02_1_1.tif,220,2009,0.7625528557704212,0.9700627716079189,1334,1558.0766550522649,996.1154357160808,2033.815592203898,617.8755555555556,3.2916265644709255
CSA_screen__screen_20250124_133156__plate1_A02_1_1.tif,221,4497,0.6047066157286475,0.9211388775092175,1673,1399.8616855681566,334.7759923901572,1670.101016138673,1239.7659348441925,1.347109941642785
CSA_screen__screen_20250124_133156__plate1_A02_1_1.tif,222,1410,0.7404861191012433,0.9527027027027027,889,2130.1354609929076,568.084591347904,2392.2587176602924,1682.8656429942419,1.421538747088485
CSA_screen__screen_20250124_133156__plate1_A02_1_1.tif,223,2723,0.884576722874735,0.9290344592289321,1333,1848.4392214469335,613.447195072685,2281.3143285821457,1433.315107913669,1.591634886136673
CSA_screen__screen_20250124_133156__plate1_A02_1_1.tif,224,3395,0.7603823108167653,0.6972684329431095,715,1888.2412371134021,452.2193107174923,2188.5286713286714,1808.1272388059701,1.2103842165299752
CSA_screen__screen_20250124_133156__plate1_A02_1_1.tif,225,2701,0.8208232629754193,0.9000333222259247,1430,1726.4302110329509,1160.962336861133,2525.693006993007,827.1809598741148,3.053374206506617
CSA_screen__screen_20250124_133156__plate1_A02_1_1.tif,226,1249,0.585969622428293,0.9637345679012346,1224,2734.230584467574,145.7868070431098,2733.6053921568628,2764.84,0.9887029239148966
CSA_screen__screen_20250124_133156__plate1_A02_1_1.tif,227,2382,0.7049993372415647,0.9554753309265944,1206,2063.6406381192273,617.2984642366116,2407.7371475953564,1710.766156462585,1.4074028402420142
CSA_screen__screen_20250124_133156__plate1_A02_1_1.tif,228,1983,0.871296176288978,0.7947895791583166,1506,760.7776096822995,616.6996999204162,562.6301460823373,1386.3752620545074,0.4058281776094016
CSA_screen__screen_20250124_133156__plate1_A02_1_1.tif,229,2611,0.8486878628319129,0.8226212980466289,894,1691.8203753351206,459.73586106780374,1908.4217002237137,1579.041351193943,1.2085951382974993
CSA_screen__screen_20250124_133156__plate1_A02_1_1.tif,230,1484,0.3216132169366389,0.9374605180037903,1186,835.5498652291105,176.8054714571317,829.0826306913997,861.2885906040268,0.9626072372675448
CSA_screen__screen_20250124_133156__plate1_A02_1_1.tif,231,1817,0.6140710836342165,0.9468473163105784,1307,712.3423225096312,109.81167416959369,699.264728385616,745.856862745098,0.9375320699094978
CSA_screen__screen_20250124_133156__plate1_A02_1_1.tif,232,4731,0.8866435313826286,0.719215567041654,1343,1708.2555485098287,366.0565716709164,1951.0208488458675,1612.0236127508854,1.2102929717738378
CSA_screen__screen_20250124_133156__plate1_A02_1_1.tif,233,2263,0.7297729439853062,0.962569119523607,1683,711.9902783915156,118.25150849071244,736.3351158645277,641.3482758620689,1.1481049276616235
CSA_screen__screen_20250124_133156__plate1_A02_1_1.tif,234,2437,0.7426712413572386,0.919622641509434,1486,1538.483791546984,247.96310350853898,1663.2382234185734,1343.5467928496319,1.2379458849296074
CSA_screen__screen_20250124_133156__plate1_A02_1_1.tif,235,944,0.8328933742263579,0.9042145593869731,736,2364.924788135593,469.4792887933261,2509.3179347826085,1853.9951923076924,1.3534651789788232
CSA_screen__screen_20250124_133156__plate1_A02_1_1.tif,236,2549,0.44884182463131583,0.6557756624646257,1159,2053.4605727736366,598.2387132062285,2454.4892148403796,1719.0776978417266,1.427794228220138
CSA_screen__screen_20250124_133156__plate1_A02_1_1.tif,237,1631,0.826653670096021,0.7967757694186615,1313,2000.3188228080933,313.3988182163995,2081.850723533892,1663.6792452830189,1.2513534261105335
CSA_screen__screen_20250124_133156__plate1_A02_1_1.tif,238,2324,0.8767032234660995,0.9447154471544715,1161,1243.7650602409637,169.77958998384474,1283.1369509043927,1204.4608770421323,1.065320572350569
CSA_screen__screen_20250124_133156__plate1_A02_1_1.tif,239,1534,0.5884118124051794,0.941682013505218,1094,2465.0267275097785,744.5098638406643,2803.382084095064,1623.7522727272728,1.7264838554384108
CSA_screen__screen_20250124_133156__plate1_A02_1_1.tif,240,2064,0.8359175492385605,0.9044697633654689,1141,1282.5242248062016,315.47377222765505,1411.125328659071,1123.5492957746478,1.2559531957929355
CSA_screen__screen_20250124_133156__plate1_A02_1_1.tif,241,2642,0.7859743051298889,0.8836120401337793,1377,1856.2664647993945,650.2320812048588,2294.229484386347,1379.5272727272727,1.6630548230124824
CSA_screen__screen_20250124_133156__plate1_A02_1_1.tif,242,1255,0.44656523230549966,0.9450301204819277,752,1885.427888446215,542.5455166422529,2206.0425531914893,1406.0994035785288,1.5689093869018804
CSA_screen__screen_20250124_133156__plate1_A02_1_1.tif,243,4168,0.64042908028497,0.8518291436746372,1438,2316.5815738963533,637.4587097133912,2779.6592489568848,2072.660073260073,1.3411071525031972
CSA_screen__screen_20250124_133156__plate1_A02_1_1.tif,244,11204,0.6863983370482365,0.7241000452400956,1379,1429.5487325955016,372.6293459364852,1562.9311094996374,1410.8276844783716,1.1078114830710197
CSA_screen__screen_20250124_133156__plate1_A02_1_1.tif,245,3120,0.7783394868803891,0.9517998779743746,1475,1994.740705128205,510.6178337947534,2457.7545762711866,1579.576291793313,1.5559581319626332
CSA_screen__screen_20250124_133156__plate1_A02_1_1.tif,246,1636,0.9809889594942093,0.534640522875817,814,1961.4523227383863,794.3773157977373,2397.1941031941033,1529.9513381995134,1.5668433651067515
CSA_screen__screen_20250124_133156__plate1_A02_1_1.tif,247,922,0.8240340273539801,0.9021526418786693,640,2326.0,1214.9176757234416,2769.46875,1319.5460992907801,2.098804089897665
CSA_screen__screen_20250124_133156__plate1_A02_1_1.tif,248,7081,0.4054688264048601,0.741543617132684,1843,1664.1544979522666,461.3436794138702,2059.455236028215,1525.0672012218404,1.3504029424921329
CSA_screen__screen_20250124_133156__plate1_A02_1_1.tif,249,1810,0.18926278357991747,0.9282051282051282,1144,1706.8906077348067,1081.959387504969,2250.6687062937062,772.8333333333334,2.9122303726034584
CSA_screen__screen_20250124_133156__plate1_A02_1_1.tif,250,3082,0.3182631035924732,0.8935923456074224,1549,1357.0272550292018,787.2264024608999,1842.3570045190445,866.6320939334638,2.125881348516609
CSA_screen__screen_20250124_133156__plate1_A02_1_1.tif,251,1314,0.7559923088981416,0.7361344537815127,674,1644.552511415525,1252.1075757237124,2543.459940652819,697.890625,3.6444965006555563
CSA_screen__screen_20250124_133156__plate1_A02_1_1.tif,252,1102,0.7111910881371502,0.9394714407502132,672,1706.6433756805807,1123.531074416031,2332.3675595238096,728.7674418604652,3.200427770990325
CSA_screen__screen_20250124_133156__plate1_A02_1_1.tif,253,5292,0.8526898158947558,0.931526139764126,1727,1805.0769085411941,667.302708166954,2439.0063694267515,1497.981206171108,1.628195573735492
CSA_screen__screen_20250124_133156__plate1_A02_1_1.tif,254,3745,0.3479522357981275,0.9318238367753172,1773,1121.9214953271028,134.5595980441432,1152.4895657078398,1094.4381338742394,1.0530422232530423
CSA_screen__screen_20250124_133156__plate1_A02_1_1.tif,255,1556,0.7303799951851169,0.9546012269938651,1119,1596.439588688946,335.30445755366543,1687.822162645219,1362.441647597254,1.2388216153123275
CSA_screen__screen_20250124_133156__plate1_A02_1_1.tif,256,3260,0.8663838528339801,0.8956043956043956,1730,1536.2469325153374,300.87118507083386,1703.2086705202312,1347.4601307189544,1.2640141490579486
CSA_screen__screen_20250124_133156__plate1_A02_1_1.tif,257,2484,0.7246348696544369,0.9186390532544378,1680,934.2399355877617,201.68547143370407,873.2488095238095,1061.68407960199,0.8225128607477827
CSA_screen__screen_20250124_133156__plate1_A02_1_1.tif,258,1157,0.9171198842738586,0.9805084745762712,768,1799.1452031114952,337.9057644122948,1931.2994791666667,1538.2339331619537,1.2555304089519972
CSA_screen__screen_20250124_133156__plate1_A02_1_1.tif,259,2561,0.8409621975832248,0.9228828828828829,1461,2034.0980085903943,538.488726629885,2371.3415468856947,1586.1772727272728,1.4950041131332128
CSA_screen__screen_20250124_133156__plate1_A02_1_1.tif,260,2085,0.6455511640761509,0.9434389140271493,1311,1355.7856115107913,897.135376904295,1769.4774980930588,655.0749354005168,2.7011833341038907
CSA_screen__screen_20250124_133156__plate1_A02_1_1.tif,261,1576,0.7146576596183549,0.8985176738882554,1110,2702.522842639594,1021.893216994879,3253.301801801802,1390.5815450643777,2.3395260877356088
CSA_screen__screen_20250124_133156__plate1_A02_1_1.tif,262,1787,0.49400132399771396,0.9470058293587705,1054,1212.7453833240068,264.27477301400114,1317.8842504743834,1061.5634379263302,1.241455953917133
CSA_screen__screen_20250124_133156__plate1_A02_1_1.tif,263,1420,0.758037455417823,0.9673024523160763,1040,2034.9211267605633,411.7445529422383,2223.7413461538463,1518.15,1.4647705076269448
CSA_screen__screen_20250124_133156__plate1_A02_1_1.tif,264,1220,0.6642025958604256,0.9256449165402124,1165,1925.2860655737704,154.9090139169345,1941.1948497854078,1588.3090909090909,1.2221770062868165
CSA_screen__screen_20250124_133156__plate1_A02_1_1.tif,265,2840,0.7132668645518438,0.9102564102564102,1867,1171.2232394366197,219.1390616324895,1178.0391001606856,1158.1449126413156,1.0171776323517223
CSA_screen__screen_20250124_133156__plate1_A02_1_1.tif,266,3851,0.7872503668263094,0.9088978050507435,1520,1065.289535185666,225.42604239308181,1013.3486842105264,1099.1591591591591,0.9219308011641585
CSA_screen__screen_20250124_133156__plate1_A02_1_1.tif,267,4041,0.6439486789422106,0.6215966774342409,1229,1593.5169512496907,720.2759399137382,2312.0016273393003,1279.4992887624467,1.8069581184179535
CSA_screen__screen_20250124_133156__plate1_A02_1_1.tif,268,4175,0.911432478184506,0.7850695750282061,1255,2124.268502994012,830.2165624707525,2709.0494023904384,1872.9328767123288,1.4464209775343337
CSA_screen__screen_20250124_133156__plate1_A02_1_1.tif,269,5780,0.7565614942881331,0.8928019771393265,1941,1995.78339100346,735.2008614751213,2587.455435342607,1696.633758791352,1.525052429220705
CSA_screen__screen_20250124_133156__plate1_A02_1_1.tif,270,2112,0.8059073433005431,0.9340999557717824,1143,2111.159090909091,549.3723306143368,2377.1207349081365,1797.4396284829722,1.322503797757264
CSA_screen__screen_20250124_133156__plate1_A02_1_1.tif,271,2135,0.7721899675393394,0.9565412186379928,987,2014.3939110070257,454.8301573119299,2369.725430597771,1708.8954703832753,1.3867000478772893
CSA_screen__screen_20250124_133156__plate1_A02_1_1.tif,272,1445,0.6814174899814527,0.9168781725888325,1143,2688.899653979239,494.37065122813266,2811.5896762904636,2224.546357615894,1.2638934975055856
CSA_screen__screen_20250124_133156__plate1_A02_1_1.tif,273,1390,0.6335944394478873,0.9809456598447425,1290,1625.9956834532375,112.71692427199497,1615.6472868217054,1759.49,0.9182474960481193
CSA_screen__screen_20250124_133156__plate1_A02_1_1.tif,274,2638,0.6098388676783201,0.9554509235784137,1468,1921.0307050796057,510.6647092060896,2245.8480926430516,1513.4820512820513,1.4838947648838137
CSA_screen__screen_20250124_133156__plate1_A02_1_1.tif,275,2814,0.4027177908568258,0.9481132075471698,1384,1686.9651741293533,1243.6707595965388,2594.0606936416184,809.048951048951,3.2063087039150813
CSA_screen__screen_20250124_133156__plate1_A02_1_1.tif,276,15202,0.8140424677994126,0.5203847602094958,1130,1726.5658465991316,397.2882279903274,2051.404424778761,1700.4808840250141,1.2063672364978992
CSA_screen__screen_20250124_133156__plate1_A02_1_1.tif,277,7546,0.5744814352987078,0.770707792871004,801,2001.8237476808906,576.2409968071755,2703.574282147316,1918.4876204595996,1.409221645902327
CSA_screen__screen_20250124_133156__plate1_A02_1_1.tif,278,3573,0.6821248483968617,0.6924418604651162,1229,2215.345368038063,691.3289691465704,2801.313262815297,1908.1122013651877,1.4681072008297285
CSA_screen__screen_20250124_133156__plate1_A02_1_1.tif,279,2005,0.8468929845910058,0.904783393501805,1271,2316.8129675810474,468.9001759371995,2510.7663257277736,1980.9618528610354,1.2674480945211337
CSA_screen__screen_20250124_133156__plate1_A02_1_1.tif,280,1776,0.6796502269641382,0.9568965517241379,992,1581.383445945946,419.9191255476917,1842.6834677419354,1250.7589285714287,1.473252299583087
CSA_screen__screen_20250124_133156__plate1_A02_1_1.tif,281,2821,0.8646153023165174,0.7492695883134131,1546,1401.065225097483,237.52862026369596,1482.0711513583442,1302.841568627451,1.1375682101698001
CSA_screen__screen_20250124_133156__plate1_A02_1_1.tif,282,1892,0.7239457911834326,0.9737519300051467,1304,2447.040169133192,517.0961645749785,2572.6641104294476,2168.4455782312925,1.186409350668537
CSA_screen__screen_20250124_133156__plate1_A02_1_1.tif,283,1508,0.769021549692171,0.9472361809045227,907,1779.0358090185675,1183.5288476418616,2378.9955898566704,873.6056572379367,2.7231916026943987
CSA_screen__screen_20250124_133156__plate1_A02_1_1.tif,284,2320,0.7436886322705588,0.8950617283950617,1891,2030.4706896551725,647.6598291644445,2284.2057112638818,912.025641025641,2.504541109935376
CSA_screen__screen_20250124_133156__plate1_A02_1_1.tif,285,1526,0.43297503900667333,0.934476423759951,977,1854.684141546527,479.5615924374783,2122.0849539406345,1378.8178506375227,1.539061126137472
CSA_screen__screen_20250124_133156__plate1_A02_1_1.tif,286,1693,0.5089149250424141,0.9652223489167617,980,1298.2238629651506,254.23876643404876,1415.5897959183674,1136.907433380084,1.2451231774514362
CSA_screen__screen_20250124_133156__plate1_A02_1_1.tif,287,1651,0.7434165025410431,0.9172222222222223,1216,2215.3561477892185,528.5585099842224,2470.097039473684,1503.2528735632184,1.6431680144530292
CSA_screen__screen_20250124_133156__plate1_A02_1_1.tif,288,1551,0.4357433669144192,0.8747884940778342,1265,2613.8168923275307,668.4209719503257,2869.7130434782607,1481.9685314685314,1.9364196894481744
CSA_screen__screen_20250124_133156__plate1_A02_1_1.tif,289,1393,0.5391899701852385,0.9463315217391305,1104,999.289303661163,200.63876174362767,991.2898550724638,1029.847750865052,0.9625596154769477
CSA_screen__screen_20250124_133156__plate1_A02_1_1.tif,290,1734,0.7383536705714424,0.9665551839464883,1297,2203.8194925028833,674.1150226231094,2515.786430223593,1277.9130434782608,1.9686679332860182
CSA_screen__screen_20250124_133156__plate1_A02_1_1.tif,291,1501,0.7894100620838087,0.8611589213998853,1001,2004.9826782145237,1225.6462281515144,2602.058941058941,809.636,3.21386270010096
CSA_screen__screen_20250124_133156__plate1_A02_1_1.tif,292,1701,0.918893108404721,0.7338222605694564,1068,1830.8800705467372,349.72817153463177,2039.0374531835207,1479.6761453396525,1.3780295503212763
CSA_screen__screen_20250124_133156__plate1_A02_1_1.tif,293,1791,0.802093717856876,0.9265390584583549,1011,1682.292015633724,1161.7364408259518,2425.9643916913947,718.3782051282051,3.3770016606481623
CSA_screen__screen_20250124_133156__plate1_A02_1_1.tif,294,1281,0.5554059648052173,0.8708361658735554,659,1545.142857142857,917.916011380022,2215.638846737481,834.7620578778135,2.6542160437552975
CSA_screen__screen_20250124_133156__plate1_A02_1_1.tif,295,1114,0.7584347839487349,0.8806324110671937,740,213.31508078994614,170.4963248119006,169.72297297297297,299.5668449197861,0.5665612728885904
CSA_screen__screen_20250124_133156__plate1_A02_1_1.tif,296,3761,0.7547755424151003,0.8167209554831705,969,1261.6482318532305,282.35162793979146,1387.5954592363262,1217.9366045845272,1.1393002345222019
CSA_screen__screen_20250124_133156__plate1_A02_1_1.tif,297,9303,0.6553807280368567,0.46090963139120095,1380,2124.3251639256155,592.1017877654508,2483.3557971014493,2061.7904834027513,1.2044656414375103
CSA_screen__screen_20250124_133156__plate1_A02_1_1.tif,298,2192,0.3839178295786419,0.8328267477203647,850,1520.6318430656934,323.1426050544057,1779.929411764706,1356.3971684053652,1.3122479560004259
CSA_screen__screen_20250124_133156__plate1_A02_1_1.tif,299,1659,0.5373539546952872,0.8895442359249329,1133,2088.6136226642557,929.5214137765491,2547.4492497793467,1100.2851711026617,2.315262730684987
CSA_screen__screen_20250124_133156__plate1_A02_1_1.tif,300,3627,0.5505038254936303,0.5174775288914253,1220,2216.2249793217534,352.59514724344797,2373.5737704918033,2136.471956792688,1.1109782007413085
CSA_screen__screen_20250124_133156__plate1_A02_1_1.tif,301,3416,0.7952388425884023,0.7695426897949988,1067,2512.780444964871,617.5393362144368,2842.56419868791,2362.9808429118775,1.2029569377232219
CSA_screen__screen_20250124_133156__plate1_A02_1_1.tif,302,3030,0.6034725999806607,0.9702209414024976,1177,1832.8135313531352,468.06323641389423,2167.4757858963467,1620.2406907717216,1.337749260490413
CSA_screen__screen_20250124_133156__plate1_A02_1_1.tif,303,11368,0.79201353326642,0.5175506487593899,1458,1785.1547325826882,559.4064170900019,1734.1262002743483,1792.6622603430878,0.9673468553649718
CSA_screen__screen_20250124_133156__plate1_A02_1_1.tif,304,2946,0.3220269603206627,0.9487922705314009,1416,2274.797012898846,629.9661831605757,2514.2330508474574,2053.2013071895426,1.2245428843453168
CSA_screen__screen_20250124_133156__plate1_A02_1_1.tif,305,5543,0.7177933719083596,0.857783967811823,1659,1605.0409525527693,445.7931173364036,1900.9867389993972,1478.6315653964984,1.285639224460654
CSA_screen__screen_20250124_133156__plate1_A02_1_1.tif,306,726,0.6880748183440248,0.9552631578947368,610,2035.068870523416,560.9644962524359,2217.7524590163935,1074.405172413793,2.064167705032469
CSA_screen__screen_20250124_133156__plate1_A02_1_1.tif,307,1878,0.8688299448509973,0.9333996023856859,1343,1560.8088391906283,270.84134718046465,1634.2620997766196,1376.4205607476636,1.1873275845929663
CSA_screen__screen_20250124_133156__plate1_A02_1_1.tif,308,1966,0.6152340810196507,0.9576229907452508,1249,2012.4471007121058,1033.5671181842501,2504.6597277822257,1155.0223152022315,2.1684946644028154
CSA_screen__screen_20250124_133156__plate1_A02_1_1.tif,309,2105,0.6336270629723116,0.8539553752535497,1240,1455.486460807601,923.5191219360516,2002.6395161290322,671.1283236994219,2.983988971125519
CSA_screen__screen_20250124_133156__plate1_A02_1_1.tif,310,3617,0.6211830450681711,0.880691502313124,1499,1594.0799004700027,517.290875208418,1930.6864576384255,1355.8489140698773,1.42396873103143
CSA_screen__screen_20250124_133156__plate1_A02_1_1.tif,311,1941,0.874351565078815,0.8539375274967004,918,2119.8964451313755,544.2259576079567,2441.725490196078,1831.099706744868,1.3334748955515454
CSA_screen__screen_20250124_133156__plate1_A02_1_1.tif,312,2594,0.5005421272732851,0.8640906062624917,1436,2020.5223592906707,535.0253566949314,2334.860027855153,1630.7219343696026,1.4317953163227384
CSA_screen__screen_20250124_133156__plate1_A02_1_1.tif,313,2347,0.8247444774082603,0.942570281124498,1152,2068.922454196847,747.2799549115706,2453.754340277778,1697.9380753138075,1.4451377090558988
CSA_screen__screen_20250124_133156__plate1_A02_1_1.tif,314,8651,0.7606365189330636,0.7570665966570403,1384,1671.952606635071,447.5089066633493,2213.2615606936415,1568.8603275079124,1.410744807480307
CSA_screen__screen_20250124_133156__plate1_A02_1_1.tif,315,1136,0.5851656958759195,0.9228269699431356,1035,2651.1602112676055,336.0667072572288,2722.257004830918,1922.5940594059407,1.4159291669048764
CSA_screen__screen_20250124_133156__plate1_A02_1_1.tif,316,2948,0.9109348997036301,0.7558974358974359,1275,998.1356852103121,556.6576775008099,852.0156862745098,1109.4943215780036,0.7679315429597793
CSA_screen__screen_20250124_133156__plate1_A02_1_1.tif,317,6884,0.8698752966688615,0.9065051356333947,1600,1814.2790528762348,765.7969523612011,2874.571875,1493.2214231642695,1.9250807886941013
CSA_screen__screen_20250124_133156__plate1_A02_1_1.tif,318,2078,0.8786689286724977,0.8029366306027821,1288,706.4643888354186,287.4640211531571,642.8781055900621,810.1341772151899,0.7935452221012756
CSA_screen__screen_20250124_133156__plate1_A02_1_1.tif,319,1213,0.79311158201386,0.9203338391502276,884,949.0717230008244,229.52619529847496,941.4762443438914,969.4802431610942,0.9711144203146495
CSA_screen__screen_20250124_133156__plate1_A02_1_1.tif,320,2045,0.8418625352080149,0.9125390450691655,1160,2602.922738386308,1183.3263649400294,3480.268965517241,1452.954802259887,2.395304355031639
CSA_screen__screen_20250124_133156__plate1_A02_1_1.tif,321,1855,0.6165400062205821,0.8150263620386643,1180,2327.6140161725066,506.9061592158713,2555.8042372881355,1928.7037037037037,1.3251409391604352
CSA_screen__screen_20250124_133156__plate1_A02_1_1.tif,322,1904,0.7226126181476081,0.9027975343764817,1330,737.5493697478992,102.43268787755827,742.9511278195489,725.0331010452961,1.0247133913588495
CSA_screen__screen_20250124_133156__plate1_A02_1_1.tif,323,2849,0.7883657121735115,0.9384057971014492,1273,2114.6676026676028,524.9489377363394,2185.4399057344854,2057.5019035532996,1.0621812315022587
CSA_screen__screen_20250124_133156__plate1_A02_1_1.tif,324,1462,0.7831459808166364,0.9353806781829814,942,1894.781805745554,1187.8522938860326,2439.88110403397,907.3134615384615,2.6891269748129294
CSA_screen__screen_20250124_133156__plate1_A02_1_1.tif,325,2996,0.9475381668361041,0.841100505334082,1135,1620.756008010681,462.5761059028971,1623.6643171806168,1618.9822675980656,1.0028919708858193
CSA_screen__screen_20250124_133156__plate1_A02_1_1.tif,326,2424,0.5875408173489689,0.9684378745505393,1191,1373.9319306930693,271.20032797052795,1540.0738874895046,1213.4493106244931,1.2691703510028916
CSA_screen__screen_20250124_133156__plate1_A02_1_1.tif,327,1731,0.7717842562998019,0.9163578613022764,1229,1725.9116117850954,179.5959896901069,1772.9747762408463,1610.6912350597609,1.1007539729829499
CSA_screen__screen_20250124_133156__plate1_A02_1_1.tif,328,3303,0.6181186973300816,0.9319977426636569,1259,1768.9391462306994,408.6904100626043,1965.9428117553614,1647.5949119373777,1.1932197638578794
CSA_screen__screen_20250124_133156__plate1_A02_1_1.tif,329,2900,0.8533334602986407,0.8437590922315973,900,1612.5089655172414,420.6913697002937,1989.89,1442.6875,1.3792938526188105
CSA_screen__screen_20250124_133156__plate1_A02_1_1.tif,330,1705,0.6130645971274535,0.9347587719298246,877,1946.392961876833,530.0478596858051,2299.9053591790193,1571.9601449275362,1.4630812152588255
CSA_screen__screen_20250124_133156__plate1_A02_1_1.tif,331,1965,0.8565615151154414,0.9632352941176471,1166,1864.1267175572518,545.58672269711,2246.8885077186965,1305.5531914893618,1.721024101021475
CSA_screen__screen_20250124_133156__plate1_A02_1_1.tif,332,1576,0.6385442241354791,0.9704433497536946,1323,1947.6281725888325,287.2500746722247,2001.6273620559334,1665.2529644268775,1.2019959758755479
CSA_screen__screen_20250124_133156__plate1_A02_1_1.tif,333,4315,0.7996104046516167,0.7266756483664534,1329,1839.8486674391656,436.4132472846401,2104.1053423626786,1722.2340924313462,1.2217301652600718
CSA_screen__screen_20250124_133156__plate1_A02_1_1.tif,334,10149,0.8040309640935855,0.543628475012052,1102,1503.0181298650114,378.01262863825264,1909.9382940108892,1453.451862495855,1.3140705538958541
CSA_screen__screen_20250124_133156__plate1_A02_1_1.tif,335,1565,0.7625640633111046,0.9467634603750756,1250,591.5929712460064,91.47638785643623,590.2616,596.8761904761905,0.9889179857033445
CSA_screen__screen_20250124_133156__plate1_A02_1_1.tif,336,1484,0.7029158953970107,0.9315756434400502,1155,1486.0801886792453,236.5834612474284,1581.9385281385282,1149.5562310030396,1.3761297494409783
CSA_screen__screen_20250124_133156__plate1_A02_1_1.tif,337,1614,0.6772842619936175,0.9444119368051492,1031,1753.0861214374227,567.9046516155616,1981.3084384093113,1349.4888507718697,1.4681917803737752
CSA_screen__screen_20250124_133156__plate1_A02_1_1.tif,338,3869,0.7949029009008328,0.8554057041786425,963,1389.9733781338848,942.3935505396458,1690.8940809968847,1290.2532690984171,1.3105133088935486
CSA_screen__screen_20250124_133156__plate1_A02_1_1.tif,339,2211,0.6236769468833422,0.9117525773195876,1328,2103.3568521031207,580.4061817343331,2436.7793674698796,1601.9014722536806,1.5211793045184154
CSA_screen__screen_20250124_133156__plate1_A02_1_1.tif,340,3372,0.7419264978318393,0.7952830188679245,1577,1553.6693357058125,438.4384672154086,1823.9600507292328,1316.2050139275766,1.3857719970891975
CSA_screen__screen_20250124_133156__plate1_A02_1_1.tif,341,2994,0.6079285030382956,0.9315494710640946,1203,2067.6700066800267,661.8242228311473,2587.409808811305,1718.5650474595197,1.5055640824513223
CSA_screen__screen_20250124_133156__plate1_A02_1_1.tif,342,1000,0.8372889538556392,0.7662835249042146,756,2410.422,375.29427375860666,2521.3650793650795,2066.6803278688526,1.2200072964187427
CSA_screen__screen_20250124_133156__plate1_A02_1_1.tif,343,5984,0.9743084220150318,0.766982824916688,1561,1863.82185828877,612.3705189044332,2560.075592568866,1618.0945059914086,1.5821545546873383
CSA_screen__screen_20250124_133156__plate1_A02_1_1.tif,344,12976,0.8620150705880275,0.6606588259253602,1298,1524.648042540074,399.65965190656243,1740.7966101694915,1500.623308785751,1.1600490276124524
CSA_screen__screen_20250124_133156__plate1_A02_1_1.tif,345,1836,0.6178377708394996,0.9415384615384615,716,2234.2657952069717,1030.2317764614445,3218.346368715084,1605.1571428571428,2.0050039231588883
CSA_screen__screen_20250124_133156__plate1_A02_1_1.tif,346,2684,0.515220140097507,0.8663653970303422,1092,1729.6147540983607,359.8514460302145,1929.797619047619,1592.303391959799,1.2119534686617943
CSA_screen__screen_20250124_133156__plate1_A02_1_1.tif,347,4730,0.7574135054908196,0.8262008733624454,1325,1876.6887949260042,544.0538059267374,2498.246037735849,1634.8199706314244,1.5281474918433613
CSA_screen__screen_20250124_133156__plate1_A02_1_1.tif,348,8760,0.90345632363122,0.5197579209683161,798,1802.7849315068493,621.3186091044722,2279.0827067669175,1755.0474755086661,1.2985874961054087
CSA_screen__screen_20250124_133156__plate1_A02_1_1.tif,349,4276,0.7607325546306338,0.8484126984126984,1497,1286.1938727782974,203.21489330844727,1433.5804943219773,1206.7992083483268,1.1879196509285355
CSA_screen__screen_20250124_133156__plate1_A02_1_1.tif,350,1805,0.9265371188532895,0.8197093551316984,1128,1601.2603878116342,283.47098286449955,1572.1728723404256,1649.725258493353,0.9529907263323628
CSA_screen__screen_20250124_133156__plate1_A02_1_1.tif,351,7336,0.5221306685996716,0.7396652550917524,1125,1478.4303435114505,437.9374990271894,1911.7493333333334,1399.9431653517952,1.3655906758564196
CSA_screen__screen_20250124_133156__plate1_A02_1_1.tif,352,1490,0.8610536649751978,0.8607741190063547,901,1434.3020134228188,316.0490384322229,1341.7980022197557,1575.8064516129032,0.8514992439879719
CSA_screen__screen_20250124_133156__plate1_A02_1_1.tif,353,3944,0.6203250569228654,0.9565850109143827,1445,1657.1115618661258,535.1110420375777,2130.7543252595156,1383.236494597839,1.540412166380131
CSA_screen__screen_20250124_133156__plate1_A02_1_1.tif,354,1099,0.9237329465527102,0.7537722908093278,547,1790.368516833485,324.60032644722855,2014.3857404021937,1568.3804347826087,1.2843731633781859
CSA_screen__screen_20250124_133156__plate1_A02_1_1.tif,355,1634,0.6359870938131749,0.8244197780020182,1211,319.41799265605874,200.09041333195773,275.3047068538398,445.709219858156,0.6176778370020114
CSA_screen__screen_20250124_133156__plate1_A02_1_1.tif,356,9539,0.3527009784725346,0.524034499807724,917,1802.5427193626167,407.00730195594986,2206.019629225736,1759.6305961493854,1.2536833776664191
CSA_screen__screen_20250124_133156__plate1_A02_1_1.tif,357,1956,0.6703815378417776,0.9314285714285714,877,1537.7622699386502,406.76245841325806,1854.0467502850627,1280.6895273401296,1.4476941606102935
CSA_screen__screen_20250124_133156__plate1_A02_1_1.tif,358,4594,0.7926642227286139,0.8661387631975868,745,1417.785807575098,361.0832651115721,1860.3208053691276,1332.1301636788776,1.396500774542611
CSA_screen__screen_20250124_133156__plate1_A02_1_1.tif,359,3975,0.7450556135230975,0.9397163120567376,1020,2061.812830188679,794.5045711930844,2941.2176470588233,1758.2619289340103,1.6727983462862153
CSA_screen__screen_20250124_133156__plate1_A02_1_1.tif,360,2354,0.9023236745154455,0.9271366679795195,1286,1990.9957519116397,489.2004842911766,2260.8258164852255,1666.0880149812733,1.3569666165029324
CSA_screen__screen_20250124_133156__plate1_A02_1_1.tif,361,2673,0.8229908619327093,0.9744804958075101,1052,1338.705948372615,352.8570498041539,1375.0,1315.1517581739668,1.0455067192467051
CSA_screen__screen_20250124_133156__plate1_A02_1_1.tif,362,2004,0.8880362398822648,0.9538315088053307,954,1561.681636726547,293.34027580150183,1709.5880503144654,1427.2980952380951,1.1977792557967928
CSA_screen__screen_20250124_133156__plate1_A02_1_1.tif,363,1511,0.68572869991734,0.9551201011378002,1015,1601.361350099272,318.79425253383636,1747.4758620689656,1302.3568548387098,1.3417796017861645
CSA_screen__screen_20250124_133156__plate1_A02_1_1.tif,364,2712,0.8240890585416496,0.9316386121607695,1136,1199.6157817109145,247.07209041701168,1408.6646126760563,1048.9308375634519,1.3429528070203613
CSA_screen__screen_20250124_133156__plate1_A02_1_1.tif,365,6249,0.74984551753682,0.7592952612393682,945,1732.5072811649864,624.665209601789,2727.82962962963,1555.1732654600303,1.7540358300994328
CSA_screen__screen_20250124_133156__plate1_A02_1_1.tif,366,2649,0.910196554873976,0.8889261744966444,715,1687.333710834277,673.918325186465,2471.467132867133,1397.4395036194417,1.7685682467583772
CSA_screen__screen_20250124_133156__plate1_A02_1_1.tif,367,5076,0.6217598715829343,0.9276315789473685,1038,1577.5596926713947,416.2077100942594,1803.6849710982658,1519.4323922734027,1.1870781354078934
CSA_screen__screen_20250124_133156__plate1_A02_1_1.tif,368,4537,0.717019567830408,0.8894334444226623,1323,1190.5463962971126,191.50847565946367,1214.5525321239606,1180.664592408214,1.0287024273732348
CSA_screen__screen_20250124_133156__plate1_A02_1_1.tif,369,1044,0.7827472639361128,0.9693593314763231,982,2347.729885057471,343.71673134389886,2408.8635437881876,1379.4516129032259,1.746247219732802
CSA_screen__screen_20250124_133156__plate1_A02_1_1.tif,370,12123,0.7888420892116502,0.5868144634299821,1098,1804.4094696032334,478.49113610832086,2064.379781420765,1778.5185487528345,1.160729969821449
CSA_screen__screen_20250124_133156__plate1_A02_1_1.tif,371,5355,0.8644624489128859,0.6262425447316103,804,2176.2041083099907,687.3387059631866,2866.1542288557216,2054.314436387607,1.3951876977001085
CSA_screen__screen_20250124_133156__plate1_A02_1_1.tif,372,5368,0.7430536088671609,0.7572295105092397,1157,1609.0318554396424,733.8689564371767,2532.6681071737253,1355.2567086202803,1.8687737098546513
CSA_screen__screen_20250124_133156__plate1_A02_1_1.tif,373,1246,0.8084511496953743,0.975724353954581,761,2279.11316211878,559.5825957049091,2479.2010512483575,1965.160824742268,1.261576670995111
CSA_screen__screen_20250124_133156__plate1_A02_1_1.tif,374,1493,0.675428661069332,0.9238861386138614,1002,1411.8606831882116,924.7771792313697,1836.4610778443114,545.3645621181263,3.367400827644046
CSA_screen__screen_20250124_133156__plate1_A02_1_1.tif,375,3705,0.5294320701665456,0.9145889903727474,961,1339.0229419703103,362.62100648674624,1660.2924037460978,1226.5083819241981,1.353673915494455
CSA_screen__screen_20250124_133156__plate1_A02_1_1.tif,376,4755,0.7822327209692693,0.9126679462571977,1226,1419.9461619348056,315.27683034327947,1691.5228384991844,1325.5984698214793,1.2760446522897577
CSA_screen__screen_20250124_133156__plate1_A02_1_1.tif,377,5675,0.7185492639186474,0.5693218298555377,540,1954.220088105727,606.5228453716327,2520.5944444444444,1894.6597857838365,1.3303678387841296
CSA_screen__screen_20250124_133156__plate1_A02_1_1.tif,378,1097,0.7208445152848073,0.9936594202898551,481,2407.575205104831,704.2282729257239,2797.0498960498962,2103.4561688311687,1.3297400428382293
CSA_screen__screen_20250124_133156__plate1_A02_1_1.tif,379,1165,0.8244045322872627,0.9486970684039088,1110,832.8961373390558,79.69522649889862,834.6189189189189,798.1272727272727,1.0457215878201367
CSA_screen__screen_20250124_133156__plate1_A02_1_1.tif,380,1808,0.9496758274398388,0.930519814719506,537,2684.2383849557523,911.212261517518,2770.2067039106146,2647.916601101495,1.0461835175466814
CSA_screen__screen_20250124_133156__plate1_A02_1_1.tif,381,5324,0.7191266196468571,0.9249478804725504,2033,1144.4440270473328,131.3990803509147,1234.581406787998,1088.7620783956245,1.1339313072028094
CSA_screen__screen_20250124_133156__plate1_A02_1_1.tif,382,1341,0.7558778028443635,0.9745639534883721,906,1646.5137956748695,322.5659509125665,1784.6699779249448,1358.767816091954,1.3134473430920357
CSA_screen__screen_20250124_133156__plate1_A02_1_1.tif,383,1883,0.7672166487289188,0.944332998996991,958,2127.3473181094,600.4041030984899,2487.98121085595,1753.8475675675675,1.4185846346422006
CSA_screen__screen_20250124_133156__plate1_A02_1_1.tif,384,1381,0.7138259112115419,0.9343707713125846,872,766.6343229543809,99.08797842242804,729.6754587155963,829.950884086444,0.8791790848187065
CSA_screen__screen_20250124_133156__plate1_A02_1_1.tif,385,1923,0.8772220636418964,0.8960857409133272,1092,1553.284451378055,893.8961623950602,2116.9990842490843,812.5186522262335,2.605477521591268
CSA_screen__screen_20250124_133156__plate1_A02_1_1.tif,386,1967,0.6355664345609591,0.917016317016317,1131,1521.7641077783426,911.7803688665024,2069.177718832891,781.1842105263158,2.6487705344668977
CSA_screen__screen_20250124_133156__plate1_A02_1_1.tif,387,1240,0.916164022424928,0.8857142857142857,745,2543.874193548387,692.9406798461467,2794.1248322147653,2167.2343434343434,1.2892582847256886
CSA_screen__screen_20250124_133156__plate1_A02_1_1.tif,388,6869,0.7474826200728227,0.7995576766383424,1193,1501.5957199010045,444.532459591578,1848.7384744341996,1428.632135306554,1.2940619413110848
CSA_screen__screen_20250124_133156__plate1_A02_1_1.tif,389,1714,0.6832992685999717,0.6831406935033878,874,1228.1511085180864,489.7574721059414,1512.4141876430206,932.3821428571429,1.6220969043963647
CSA_screen__screen_20250124_133156__plate1_A02_1_1.tif,390,1957,0.752176230778181,0.8479202772963604,1179,1056.3760858456822,130.34751946535212,1109.68278201866,975.5938303341902,1.137443419090235
CSA_screen__screen_20250124_133156__plate1_A02_1_1.tif,391,1696,0.7318878461616096,0.9464285714285714,1060,1673.1869103773586,984.4540789588216,2179.019811320755,830.1320754716982,2.6249073800486395
CSA_screen__screen_20250124_133156__plate1_A02_1_1.tif,392,1860,0.8279561728822092,0.9504343382728666,1276,1128.8112903225806,170.48501142282404,1191.5227272727273,991.7910958904109,1.2013847797282362
CSA_screen__screen_20250124_133156__plate1_A02_1_1.tif,393,6491,0.7535951671049899,0.8746799622692359,1177,1535.778308427053,342.2227951674884,1932.0917587085812,1447.9986827248777,1.3343187267772412
CSA_screen__screen_20250124_133156__plate1_A02_1_1.tif,394,1237,0.6544980220380547,0.9724842767295597,938,1195.243330638642,157.1712908855815,1247.13539445629,1032.4515050167224,1.2079360516173496
CSA_screen__screen_20250124_133156__plate1_A02_1_1.tif,395,1982,0.9339905561280777,0.686525805334257,518,2282.9747729566093,647.4458342938224,2823.592664092664,2091.690573770492,1.349909350599043
CSA_screen__screen_20250124_133156__plate1_A02_1_1.tif,396,4570,0.8129283865671274,0.8861741322474307,552,1787.251203501094,725.802551593055,2732.085144927536,1657.4482329517173,1.648368311366213
CSA_screen__screen_20250124_133156__plate1_A02_1_1.tif,397,1548,0.5564568333468216,0.8652878703186138,1014,2382.9263565891474,384.66673686792444,2582.602564102564,2003.7659176029963,1.2888743846846147
CSA_screen__screen_20250124_133156__plate1_A02_1_1.tif,398,2008,0.8725403050412914,0.9930761622156281,801,2229.4795816733067,742.3977860221981,2963.0249687890137,1742.6777133388566,1.700271338819185
CSA_screen__screen_20250124_133156__plate1_A02_1_1.tif,399,1508,0.5602586118696616,0.9095295536791315,794,1833.6306366047745,664.0238469163589,2339.6574307304786,1270.906162464986,1.8409364120106209
CSA_screen__screen_20250124_133156__plate1_A02_1_1.tif,400,1579,0.786509585343398,0.944377990430622,1052,2256.664977834072,311.9672911327657,2247.6682509505704,2274.6242884250473,0.9881492351894557
CSA_screen__screen_20250124_133156__plate1_A02_1_1.tif,401,2650,0.4865195164807269,0.9128487771271099,958,1443.8528301886793,252.53991472582288,1597.8256784968685,1356.6743498817966,1.1777518154125068
CSA_screen__screen_20250124_133156__plate1_A02_1_1.tif,402,1500,0.81024844661095,0.8907363420427553,813,1808.2433333333333,521.07772816432,2080.7552275522753,1485.7510917030568,1.4004736319373585
CSA_screen__screen_20250124_133156__plate1_A02_1_1.tif,403,1054,0.6852501122815284,0.9213286713286714,960,2195.692599620493,429.79843296746384,2296.4114583333335,1167.0744680851064,1.9676648929705423
CSA_screen__screen_20250124_133156__plate1_A02_1_1.tif,404,654,0.9141524951537948,0.9631811487481591,391,2405.5137614678897,265.7532235072715,2513.4961636828643,2244.977186311787,1.1196087777676795
CSA_screen__screen_20250124_133156__plate1_A02_1_1.tif,405,540,0.5984802082609858,0.7871720116618076,523,2326.8314814814817,137.1252041074467,2324.6558317399617,2393.764705882353,0.9711296294190629
CSA_screen__screen_20250124_133156__plate1_A02_1_1.tif,406,2789,0.47192583859339177,0.9014221073044603,729,1243.6271064897812,201.0660938827537,1281.1371742112483,1230.352912621359,1.0412761745584764
CSA_screen__screen_20250124_133156__plate1_A02_1_1.tif,407,756,0.7107107739876007,0.9064748201438849,684,1689.3862433862435,196.13547855582303,1709.9766081871346,1493.7777777777778,1.1447329272303044
CSA_screen__screen_20250124_133156__plate1_A02_1_1.tif,408,1608,0.7532091103471691,0.9781021897810219,915,2053.2388059701493,653.4713554354878,2444.663387978142,1536.4227994227995,1.591139749355808
CSA_screen__screen_20250124_133156__plate1_A02_1_1.tif,409,1761,0.92652989346357,0.6960474308300395,549,1804.8710959681998,376.6100969154774,1944.4025500910748,1741.6674917491748,1.1164028491674327
CSA_screen__screen_20250124_133156__plate1_A02_1_1.tif,410,2251,0.8831190414447732,0.8380491437081161,912,1606.0559751221679,356.7330022500428,1916.1502192982457,1394.849141150112,1.3737329455702276
CSA_screen__screen_20250124_133156__plate1_A02_1_1.tif,411,1434,0.5163694829410694,0.9702300405953992,929,1726.5251046025105,1124.9856337518277,2336.048439181916,605.2435643564356,3.859683236228824
CSA_screen__screen_20250124_133156__plate1_A02_1_1.tif,412,1650,0.8312081901028046,0.8470225872689938,559,1313.3909090909092,793.4194400165295,1958.04114490161,983.0889092575619,1.9917233593656767
CSA_screen__screen_20250124_133156__plate1_A02_1_1.tif,413,2432,0.736153079966535,0.9353846153846154,583,1606.0123355263158,422.9830339999255,2008.7084048027443,1479.0400216333153,1.3581163291203657
CSA_screen__screen_20250124_133156__plate1_A02_1_1.tif,414,13088,0.4036204699370552,0.5819992885094273,937,1713.835727383863,427.21120934619177,1932.1931696905017,1696.997531067402,1.13859515663241
CSA_screen__screen_20250124_133156__plate1_A02_1_1.tif,415,1817,0.6187015406626226,0.9613756613756613,880,1940.1552008805725,491.3144490603238,2186.971590909091,1708.3532550693703,1.2801635636069224
CSA_screen__screen_20250124_133156__plate1_A02_1_1.tif,416,1024,0.8581879697998402,0.893542757417103,687,2087.0966796875,298.4160061446948,1969.0203784570597,2327.8041543026707,0.8458702914579641
CSA_screen__screen_20250124_133156__plate1_A02_1_1.tif,417,1388,0.8037540405069329,0.919205298013245,690,1828.963976945245,621.435089730576,2217.3347826086956,1445.0444126074499,1.5344405772329992
CSA_screen__screen_20250124_133156__plate1_A02_1_1.tif,418,1380,0.7803188044613526,0.9224598930481284,540,2201.0884057971016,458.56697013354386,2240.5851851851853,2175.697619047619,1.0298237979255453
CSA_screen__screen_20250124_133156__plate1_A02_1_1.tif,419,1054,0.7759228322981769,0.9047210300429185,757,2361.321631878558,536.305382190592,2539.589167767503,1906.949494949495,1.3317548128534802
CSA_screen__screen_20250124_133156__plate1_A02_1_1.tif,420,2001,0.8488200041123193,0.8507653061224489,1008,1808.6606696651675,513.3365339607166,2110.3214285714284,1502.443101711984,1.4045932429433017
CSA_screen__screen_20250124_133156__plate1_A02_1_1.tif,421,1640,0.8358233924793531,0.7564575645756457,674,1734.2286585365853,317.5340861797444,1949.0014836795253,1584.376811594203,1.2301375969510917
CSA_screen__screen_20250124_133156__plate1_A02_1_1.tif,422,4649,0.5191783801319608,0.7338595106550908,1090,1670.1122822112281,533.8590847278507,2228.376146788991,1499.1351503231244,1.4864411299466131
CSA_screen__screen_20250124_133156__plate1_A02_1_1.tif,423,1791,0.7148119978272667,0.9114503816793893,937,1491.1931881630373,360.2702403688363,1706.9797225186767,1254.4344262295083,1.3607564387796638
CSA_screen__screen_20250124_133156__plate1_A02_1_1.tif,424,3351,0.8166595616993054,0.8790661070304302,873,1516.1635332736496,386.942801763254,1733.2680412371135,1439.677562550444,1.2039279393689812
CSA_screen__screen_20250124_133156__plate1_A02_1_1.tif,425,1148,0.6641751124504596,0.9786871270247229,967,1928.9660278745644,381.2277635887923,2051.9069286452946,1272.1491712707182,1.6129452229220067
CSA_screen__screen_20250124_133156__plate1_A02_1_1.tif,426,1000,0.788239360982272,0.9074410163339383,757,1632.497,300.3439827780806,1762.7873183619552,1226.6131687242798,1.437117555321304
CSA_screen__screen_20250124_133156__plate1_A02_1_1.tif,427,1115,0.6440100620225108,0.9755030621172354,722,1964.867264573991,449.08379910044687,2197.229916897507,1537.9821882951653,1.428644579644391
CSA_screen__screen_20250124_133156__plate1_A02_1_1.tif,428,1359,0.45788215649582853,0.9490223463687151,869,1659.8020603384841,315.5059799209519,1804.5811277330265,1403.0408163265306,1.2861928938445404
CSA_screen__screen_20250124_133156__plate1_A02_1_1.tif,429,1095,0.5757681801811658,0.9415305245055889,916,1816.2465753424658,302.4467248828813,1911.278384279476,1329.9385474860335,1.4371178186333062
CSA_screen__screen_20250124_133156__plate1_A02_1_1.tif,430,1851,0.5624251682394688,0.9721638655462185,1036,2135.0740140464613,533.70111282275,2391.342664092664,1809.314110429448,1.321684637459147
CSA_screen__screen_20250124_133156__plate1_A02_1_1.tif,431,485,0.42802639538811066,0.758998435054773,467,2241.1092783505155,136.04631722092344,2245.9400428265526,2115.777777777778,1.0615198185820278
CSA_screen__screen_20250124_133156__plate1_A02_1_1.tif,432,1196,0.7321668988167195,0.9157733537519143,758,1525.3896321070233,831.448698650629,1919.745382585752,842.9200913242009,2.277493919465002
CSA_screen__screen_20250124_133156__plate1_A02_1_1.tif,433,1154,0.7484342597393208,0.9863247863247864,731,2178.686308492201,549.6649684194151,2400.2407660738713,1795.8108747044917,1.3365776986225464
CSA_screen__screen_20250124_133156__plate1_A02_1_1.tif,434,5607,0.6556322610204933,0.5675675675675675,932,1313.2116996611378,343.33860107863944,1194.2403433476395,1336.9296256684493,0.8932709100155763
CSA_screen__screen_20250124_133156__plate1_A02_1_1.tif,435,761,0.5521218769318688,0.9213075060532687,524,1060.1603153745073,86.88892452828729,1083.2900763358778,1009.0210970464135,1.0736049816072855
CSA_screen__screen_20250124_133156__plate1_A02_1_1.tif,436,9913,0.7495590631480483,0.7561980318864902,799,1151.9637849288813,175.80648596767173,1289.9073842302878,1139.870638578012,1.131626116661314
CSA_screen__screen_20250124_133156__plate1_A02_1_1.tif,437,941,0.885728177248107,0.8987583572110793,761,1703.0945802337937,234.1552447010275,1762.0144546649146,1453.9944444444445,1.2118440076558623
CSA_screen__screen_20250124_133156__plate1_A02_1_1.tif,438,1274,0.23439978661872296,0.9185291997116077,800,1715.4568288854002,959.8575198941363,2245.07375,821.5886075949367,2.7326008774294936
CSA_screen__screen_20250124_133156__plate1_A02_1_1.tif,439,5701,0.542492991685247,0.8328707085463842,820,1753.7391685669181,501.12019388407276,2241.7463414634144,1671.7547633681622,1.340954062512652
CSA_screen__screen_20250124_133156__plate1_A02_1_1.tif,440,1051,0.5485553405797372,0.8802345058626466,724,1815.733587059943,600.4807710714966,2111.0828729281766,1161.8103975535169,1.8170631605411613
CSA_screen__screen_20250124_133156__plate1_A02_1_1.tif,441,1139,0.9551869431088997,0.7915218902015289,595,2036.9850746268658,581.3304627221376,2442.5915966386556,1593.3529411764705,1.5329884129972735
CSA_screen__screen_20250124_133156__plate1_A02_1_1.tif,442,584,0.8148267267270729,0.5289855072463768,436,1499.9178082191781,131.37601618283608,1509.4311926605506,1471.8918918918919,1.0255041154689748
CSA_screen__screen_20250124_133156__plate1_A02_1_1.tif,443,238,0.940008150867466,0.9596774193548387,120,2876.609243697479,200.10107382642113,2904.358333333333,2848.3898305084745,1.0196491723939582
CSA_screen__screen_20250124_133156__plate1_A02_1_1.tif,444,897,0.6931768552105251,0.9422268907563025,383,2325.1103678929767,803.8769228591145,2916.271540469974,1884.614785992218,1.5474098803350977
CSA_screen__screen_20250124_133156__plate1_A02_1_1.tif,445,1030,0.3999239549554394,0.9554730983302412,624,1600.6466019417476,997.353902658754,2144.533653846154,764.7216748768473,2.8043322483196453
CSA_screen__screen_20250124_133156__plate1_A02_1_1.tif,446,2444,0.8835302465644536,0.7955729166666666,774,1222.629705400982,164.4209995450781,1310.8372093023256,1181.7479041916167,1.1092359078047305
CSA_screen__screen_20250124_133156__plate1_A02_1_1.tif,447,1468,0.6512426810055015,0.8686390532544379,512,1197.5899182561309,183.08332763385778,1239.431640625,1175.1809623430963,1.054673008107449
CSA_screen__screen_20250124_133156__plate1_A02_1_1.tif,448,1344,0.8805891032731558,0.732824427480916,760,1717.325892857143,332.29475322375487,1688.3631578947368,1755.0171232876712,0.9620209030963347
CSA_screen__screen_20250124_133156__plate1_A02_1_1.tif,449,1328,0.8805007391196067,0.9519713261648746,569,1866.0647590361446,575.5200689132655,2159.261862917399,1646.2635046113307,1.3116137585927854
CSA_screen__screen_20250124_133156__plate1_A02_1_1.tif,450,1385,0.8003977376273275,0.9518900343642611,1108,1735.2678700361012,293.8306735310962,1842.6254512635378,1305.8375451263537,1.4110679066784255
CSA_screen__screen_20250124_133156__plate1_A02_1_1.tif,451,1882,0.8324579533716294,0.9022051773729626,1058,2568.704038257173,586.5760227562444,2753.4111531190924,2331.5436893203882,1.180939120176501
CSA_screen__screen_20250124_133156__plate1_A02_1_1.tif,452,2069,0.6785041104788986,0.9328223624887286,1026,1628.0246495891736,209.61995316995672,1693.2212475633528,1563.8906999041228,1.0826979453661045
CSA_screen__screen_20250124_133156__plate1_A02_1_1.tif,453,1091,0.6317089733097497,0.9061461794019934,508,1678.120989917507,387.8686667997252,1877.490157480315,1504.3996569468268,1.2479995916049822
CSA_screen__screen_20250124_133156__plate1_A02_1_1.tif,454,1329,0.5681504615397724,0.9418851878100638,511,1824.4266365688488,572.9091505035277,2258.6046966731897,1553.19804400978,1.4541640104325086
CSA_screen__screen_20250124_133156__plate1_A02_1_1.tif,455,1164,0.8709708892939003,0.9349397590361446,801,966.7242268041238,92.71759248393633,984.374531835206,927.7768595041322,1.061003539537862
CSA_screen__screen_20250124_133156__plate1_A02_1_1.tif,456,758,0.5963812446651413,0.9656050955414013,485,1190.6622691292876,733.5829604185793,1573.4,510.7069597069597,3.0808274101116746
CSA_screen__screen_20250124_133156__plate1_A02_1_1.tif,457,1088,0.953269822241298,0.8089219330855019,585,2280.700367647059,657.7420645327066,2731.926495726496,1755.9145129224653,1.555842539953497
CSA_screen__screen_20250124_133156__plate1_A02_1_1.tif,458,1504,0.9529885838504484,0.9353233830845771,581,1930.7054521276596,550.1584760292892,2362.008605851979,1659.213434452871,1.4235712879403344
CSA_screen__screen_20250124_133156__plate1_A02_1_1.tif,459,3781,0.6547184494735738,0.9002380952380953,835,1381.6574980163978,421.5734081329581,1813.422754491018,1259.2800407331977,1.4400472459129732
CSA_screen__screen_20250124_133156__plate1_A02_1_1.tif,460,1902,0.6651024870746708,0.7586757080175509,870,1405.307570977918,279.2727910760817,1583.8954022988505,1254.7538759689924,1.2623156083703477
CSA_screen__screen_20250124_133156__plate1_A02_1_1.tif,461,906,0.725221665983989,0.9658848614072495,653,971.3565121412804,90.14273600763963,992.4885145482389,916.8142292490119,1.0825404786324204
CSA_screen__screen_20250124_133156__plate1_A02_1_1.tif,462,1280,0.9391479631051697,0.8666215301286392,659,1405.5046875,257.4656863846663,1575.7268588770864,1224.866344605475,1.2864479996669533
CSA_screen__screen_20250124_133156__plate1_A02_1_1.tif,463,922,0.6219365723421084,0.7927773000859846,512,970.4013015184382,94.97459140996833,977.138671875,961.9878048780488,1.015749541647123
CSA_screen__screen_20250124_133156__plate1_A02_1_1.tif,464,957,0.603719360063943,0.967644084934277,762,195.1253918495298,45.41887888329844,190.69028871391077,212.45641025641027,0.8975501773929517
CSA_screen__screen_20250124_133156__plate1_A02_1_1.tif,465,2734,0.8492834138608033,0.728872300719808,732,1146.4049012435992,184.86652965651558,1174.9959016393443,1135.951048951049,1.034371950027556
CSA_screen__screen_20250124_133156__plate1_A02_1_1.tif,466,1815,0.9262257170380833,0.7995594713656388,843,2399.944903581267,832.4943926350451,2896.123368920522,1969.6172839506173,1.4703990427579605
CSA_screen__screen_20250124_133156__plate1_A02_1_1.tif,467,662,0.848537992166541,0.9443651925820257,345,1276.6752265861028,854.6462397544725,1887.0289855072465,612.410094637224,3.0813159385053472
CSA_screen__screen_20250124_133156__plate1_A02_1_1.tif,468,708,0.8129564075917994,0.7108433734939759,424,1069.1468926553673,104.07776809856324,1084.245283018868,1046.605633802817,1.0359635453893823
CSA_screen__screen_20250124_133156__plate1_A02_1_1.tif,469,951,0.8484715704053196,0.9694189602446484,568,980.3112513144059,71.78828750230868,982.5862676056338,976.9373368146214,1.005782285698519
CSA_screen__screen_20250124_133156__plate1_A02_1_1.tif,470,1566,0.8470059134236753,0.9911392405063291,506,1758.1934865900382,462.47635842621116,2281.4664031620555,1508.404716981132,1.5125028299620422
CSA_screen__screen_20250124_133156__plate1_A02_1_1.tif,471,1072,0.9516253689303348,0.8715447154471545,475,2099.4608208955224,644.2126589547393,2595.8063157894735,1704.5460636515913,1.5228724944097818
CSA_screen__screen_20250124_133156__plate1_A02_1_1.tif,472,1116,0.6244109875795891,0.9721254355400697,835,1905.2132616487456,480.9067444041266,2124.0215568862277,1255.017793594306,1.692423460230902
CSA_screen__screen_20250124_133156__plate1_A02_1_1.tif,473,9560,0.8974607428027958,0.6481795375957692,661,1706.1824267782426,603.1049576501821,995.1891074130106,1758.993594785931,0.5657718768067059
CSA_screen__screen_20250124_133156__plate1_A02_1_1.tif,474,1560,0.8765425859014376,0.9629629629629629,865,2245.6916666666666,552.0407551215499,2390.277456647399,2065.7395683453237,1.1571049387227612
CSA_screen__screen_20250124_133156__plate1_A02_1_1.tif,475,1544,0.7112392912928854,0.8455640744797371,533,2245.461787564767,732.2178185300945,2656.825515947467,2028.5905044510387,1.309690403320919
CSA_screen__screen_20250124_133156__plate1_A02_1_1.tif,476,725,0.8089761399984863,0.8995037220843672,363,1381.1820689655171,892.2685292165146,2081.151515151515,679.2790055248619,3.0637654015870273
CSA_screen__screen_20250124_133156__plate1_A02_1_1.tif,477,3839,0.847423709155679,0.8347466840617526,767,1267.4133889033603,287.5472444739946,1527.7966101694915,1202.40234375,1.2706201198882114
CSA_screen__screen_20250124_133156__plate1_A02_1_1.tif,478,957,0.8333717869160203,0.8264248704663213,889,793.0156739811912,178.05124937283966,801.7739032620923,678.5147058823529,1.1816603182085064
CSA_screen__screen_20250124_133156__plate1_A02_1_1.tif,479,1014,0.6762575429843839,0.6688654353562006,530,2280.523668639053,798.1387735884523,2718.703773584906,1800.698347107438,1.509805225262805
CSA_screen__screen_20250124_133156__plate1_A02_1_1.tif,480,783,0.8062665984229782,0.9525547445255474,444,1459.037037037037,325.58412763991134,1632.162162162162,1232.2890855457226,1.324496160281542
CSA_screen__screen_20250124_133156__plate1_A02_1_1.tif,481,2236,0.5122239084630521,0.6757328498035661,401,1780.7312164579607,548.0643085826422,2371.6982543640897,1651.5880108991826,1.4360108203212578
CSA_screen__screen_20250124_133156__plate1_A02_1_1.tif,482,4863,0.851079987103956,0.5438380675464102,650,1469.787579683323,371.90239974378585,1535.5276923076924,1459.6449086161879,1.0519871533436478
CSA_screen__screen_20250124_133156__plate1_A02_1_1.tif,483,3030,0.6912314667380534,0.6618610747051114,554,1893.5234323432344,572.8376197142051,2317.06678700361,1798.7564620355413,1.2881492497219602
CSA_screen__screen_20250124_133156__plate1_A02_1_1.tif,484,1228,0.6972996687983977,0.9281934996220711,392,1317.8428338762214,326.8430909175969,1582.813775510204,1193.598086124402,1.326086053513692
CSA_screen__screen_20250124_133156__plate1_A02_1_1.tif,485,3035,0.6518520183871491,0.9264346764346765,940,2276.2079077429985,840.0564956702009,2719.9882978723404,2077.0892601431983,1.3095192152140922
CSA_screen__screen_20250124_133156__plate1_A02_1_1.tif,486,1174,0.7245047995072361,0.9093725793958172,389,1149.6286201022147,130.53633981476412,1223.8997429305912,1112.824203821656,1.0998140934816838
CSA_screen__screen_20250124_133156__plate1_A02_1_1.tif,487,5195,0.6871994848316024,0.9356988472622478,957,1837.2327237728584,743.3630364582742,2527.7816091954023,1681.2970740915525,1.5034711284210298
CSA_screen__screen_20250124_133156__plate1_A02_1_1.tif,488,1454,0.6333619164722745,0.9719251336898396,566,1507.2049518569463,405.4598056598711,1761.7014134275619,1344.992117117117,1.309822853983433
CSA_screen__screen_20250124_133156__plate1_A02_1_1.tif,489,1133,0.833688384397839,0.9386909693454847,700,2155.9126213592235,561.904971619829,2370.1514285714284,1809.5681293302541,1.3097884462900293
CSA_screen__screen_20250124_133156__plate1_A02_1_1.tif,490,1352,0.5744743256187299,0.9434752267969295,712,2445.9541420118344,619.784354292716,2741.6980337078653,2116.9390625,1.2951237389280614
CSA_screen__screen_20250124_133156__plate1_A02_1_1.tif,491,1316,0.838317017268019,0.9235087719298246,667,2387.9354103343467,585.6083511741898,2707.59820089955,2059.406779661017,1.3147466676521415
CSA_screen__screen_20250124_133156__plate1_A02_1_1.tif,492,1018,0.9082821395107052,0.8656462585034014,429,2261.5009823182713,821.1409371138081,2780.4149184149182,1883.5483870967741,1.476157946067177
CSA_screen__screen_20250124_133156__plate1_A02_1_1.tif,493,837,0.7941973324848975,0.9698725376593279,469,1562.8088410991636,325.677181486072,1762.2430703624734,1308.6385869565217,1.3466231914045053
CSA_screen__screen_20250124_133156__plate1_A02_1_1.tif,494,2285,0.66964628973123,0.9010252365930599,474,1198.5207877461708,351.9688519778675,1116.1708860759493,1220.0745444505799,0.9148382704587774
CSA_screen__screen_20250124_133156__plate1_A02_1_1.tif,495,846,0.5070646568478024,0.7580645161290323,479,368.8924349881797,209.74463594294082,316.51565762004174,437.2534059945504,0.7238723661857228
CSA_screen__screen_20250124_133156__plate1_A02_1_1.tif,496,751,0.8517454532973141,0.9640564826700898,447,2065.276964047936,602.9083047667324,2434.3400447427293,1522.608552631579,1.598795724965141
CSA_screen__screen_20250124_133156__plate1_A02_1_1.tif,497,997,0.7712713633234842,0.9803343166175025,636,2601.04112337011,568.7711818348387,2764.196540880503,2313.5983379501386,1.1947607739594062
CSA_screen__screen_20250124_133156__plate1_A02_1_1.tif,498,859,0.6826214145808167,0.9460352422907489,588,1721.3061699650757,271.554436465803,1797.219387755102,1556.5940959409595,1.1545844818772004
CSA_screen__screen_20250124_133156__plate1_A02_1_1.tif,499,547,0.6139783245368674,0.9041322314049587,418,2416.0438756855574,136.41185987849158,2423.806220095694,2390.891472868217,1.013766725759405
CSA_screen__screen_20250124_133156__plate1_A02_1_1.tif,500,1153,0.7331747529465639,0.957641196013289,380,1923.2740676496096,754.1799595877179,2436.7815789473684,1670.8382923673998,1.4584185615561327
CSA_screen__screen_20250124_133156__plate1_A02_1_1.tif,501,294,0.6695183902391785,0.8076923076923077,288,2232.1190476190477,137.88295876380198,2228.6388888888887,2399.1666666666665,0.9289220794257265
CSA_screen__screen_20250124_133156__plate1_A02_1_1.tif,502,2256,0.8089246684654484,0.9111470113085622,753,1414.5678191489362,331.0520394852923,1640.6494023904384,1301.3013972055887,1.2607758709193464
CSA_screen__screen_20250124_133156__plate1_A02_1_1.tif,503,15280,0.7938345058052024,0.6059884989093793,466,1281.975065445026,341.72131314468163,2047.9763948497855,1257.8791683542595,1.6281185398190878
CSA_screen__screen_20250124_133156__plate1_A02_1_1.tif,504,2782,0.6339006862694931,0.7584514721919302,1062,1209.3497483824588,197.30687187113244,1298.8370998116761,1154.096511627907,1.125414631034285
CSA_screen__screen_20250124_133156__plate1_A02_1_1.tif,505,947,0.9028812203456698,0.6798277099784638,347,1392.0285110876453,380.46194096369106,1686.2536023054754,1221.8683333333333,1.3800616288215524
CSA_screen__screen_20250124_133156__plate1_A02_1_1.tif,506,3746,0.7893004985710428,0.8150565709312445,990,1218.618793379605,237.1044156217962,1340.8434343434344,1174.7137155297532,1.1414214515566141
CSA_screen__screen_20250124_133156__plate1_A02_1_1.tif,507,3612,0.1983531673043024,0.6157517899761337,500,1763.6049280177187,529.8152212507295,2285.586,1679.7390745501286,1.3606791879936058
CSA_screen__screen_20250124_133156__plate1_A02_1_1.tif,508,1080,0.9312252861766808,0.7058823529411765,327,1738.2685185185185,530.2938564551748,2297.039755351682,1495.6148738379813,1.5358497668969546
CSA_screen__screen_20250124_133156__plate1_A02_1_1.tif,509,2660,0.8209513208713911,0.7507761783799041,661,1527.1676691729324,359.65487697745044,1957.6338880484116,1384.8274137068533,1.4136302247283592
CSA_screen__screen_20250124_133156__plate1_A02_1_1.tif,510,932,0.736986899302753,0.7540453074433657,705,1740.1866952789699,110.56556477868637,1733.4113475177305,1761.229074889868,0.9842055029815603
CSA_screen__screen_20250124_133156__plate1_A02_1_1.tif,511,1164,0.957748618033012,0.8590405904059041,450,1731.4072164948454,448.35657425745524,2120.2444444444445,1486.3417366946778,1.4264851696618825
CSA_screen__screen_20250124_133156__plate1_A02_1_1.tif,512,985,0.4791900202114768,0.8354537743850721,626,2530.8781725888325,366.05321154990656,2722.084664536741,2197.465181058496,1.2387384737652778
CSA_screen__screen_20250124_133156__plate1_A02_1_1.tif,513,770,0.508751542097503,0.9821428571428571,345,1241.338961038961,167.09593065206286,1278.2840579710146,1211.3482352941176,1.0552572916083416
CSA_screen__screen_20250124_133156__plate1_A02_1_1.tif,514,554,0.6865434180126596,0.8751974723538705,465,2499.586642599278,569.066472773874,2711.238709677419,1393.7640449438202,1.9452637765431118
CSA_screen__screen_20250124_133156__plate1_A02_1_1.tif,515,1057,0.5632906726287621,0.949685534591195,472,1457.5723746452222,441.1770151188698,1720.5889830508474,1245.3606837606837,1.3815989259072246
CSA_screen__screen_20250124_133156__plate1_A02_1_1.tif,516,706,0.7872556482129616,0.9005102040816326,433,404.59915014164307,49.70327762475207,398.635103926097,414.05860805860806,0.9627504323486303
CSA_screen__screen_20250124_133156__plate1_A02_1_1.tif,517,496,0.6946776069508296,0.9465648854961832,374,220.34072580645162,95.49575038402855,226.42780748663102,201.68032786885246,1.122706462644543
CSA_screen__screen_20250124_133156__plate1_A02_1_1.tif,518,409,0.7998928019091222,0.9316628701594533,282,1314.7701711491443,229.63574002225727,1421.6347517730496,1077.4803149606298,1.3194067047294455
CSA_screen__screen_20250124_133156__plate1_A02_1_1.tif,519,4339,0.9339760813136738,0.8219359727221065,452,1302.2311592532842,286.8331008377107,1605.1438053097345,1267.0069462310264,1.2668784572054368
CSA_screen__screen_20250124_133156__plate1_A02_1_1.tif,520,1017,0.8453578084012782,0.9162162162162162,603,1435.2153392330383,704.1653523862046,1795.4908789386402,910.4661835748792,1.9720566357432145
CSA_screen__screen_20250124_133156__plate1_A02_1_1.tif,521,1512,0.6556350967095118,0.9202678027997565,621,1670.6832010582011,471.23732019017524,1928.4492753623188,1491.0280583613917,1.29336887025563
CSA_screen__screen_20250124_133156__plate1_A02_1_1.tif,522,1500,0.8587088764774501,0.9146341463414634,576,1441.3506666666667,551.8299638773605,1887.8836805555557,1162.9924242424242,1.623298347609897
CSA_screen__screen_20250124_133156__plate1_A02_1_1.tif,523,2577,0.9664915223852477,0.7764386863513106,665,1686.9662398137368,527.34865784569,1908.366917293233,1609.9623430962342,1.1853487912165173
CSA_screen__screen_20250124_133156__plate1_A02_1_1.tif,524,571,0.837563416545033,0.9469320066334992,385,1525.2819614711034,529.9846106945326,1831.8181818181818,890.7849462365591,2.0564090014737624
CSA_screen__screen_20250124_133156__plate1_A02_1_1.tif,525,728,0.8774075365496043,0.9238578680203046,519,1282.8076923076924,153.4197228826849,1312.8766859344894,1208.1387559808613,1.0866936264027005
CSA_screen__screen_20250124_133156__plate1_A02_1_1.tif,526,2577,0.7205669274121387,0.8083437892095358,616,1413.32634846721,409.7686867204287,1918.1266233766235,1254.7557368689445,1.5286852787483738
CSA_screen__screen_20250124_133156__plate1_A02_1_1.tif,527,703,0.7204196662373195,0.9551630434782609,431,1851.1564722617354,584.6455282682941,2211.4013921113688,1280.327205882353,1.7272158101079753
CSA_screen__screen_20250124_133156__plate1_A02_1_1.tif,528,869,0.8997669645934554,0.8494623655913979,479,777.9390103567318,136.38823692291925,717.4300626304802,852.2564102564103,0.8418007233464325
CSA_screen__screen_20250124_133156__plate1_A02_1_1.tif,529,1454,0.5309443033273825,0.8603550295857988,469,1533.1960110041266,460.1717662210536,1998.769722814499,1311.5167512690355,1.5240138723965753
CSA_screen__screen_20250124_133156__plate1_A02_1_1.tif,530,8940,0.7360212334145105,0.8310867342195779,605,1331.778523489933,291.70002509329794,1781.1768595041322,1299.1587282543492,1.3710232789625791
CSA_screen__screen_20250124_133156__plate1_A02_1_1.tif,531,375,0.9527906184235221,0.47468354430379744,237,1936.0906666666667,303.67820212557604,2039.7088607594937,1758.1376811594203,1.1601530884739293
CSA_screen__screen_20250124_133156__plate1_A02_1_1.tif,532,785,0.760431339945739,0.8870056497175142,469,495.3732484076433,46.58563292669031,481.32835820895525,516.2183544303797,0.9324123291588038
CSA_screen__screen_20250124_133156__plate1_A02_1_1.tif,533,1617,0.30643068612670366,0.6535974130962005,352,1506.4972170686456,439.0986454446654,1776.8238636363637,1431.2758893280632,1.2414265320088107
CSA_screen__screen_20250124_133156__plate1_A02_1_1.tif,534,2982,0.9235744913265646,0.7163103531107374,417,894.0392354124748,298.72967936102214,375.3908872901679,978.3575048732944,0.3836950045564215
CSA_screen__screen_20250124_133156__plate1_A02_1_1.tif,535,1284,0.8314607726435213,0.823076923076923,270,1662.9727414330218,445.424111005534,1846.351851851852,1614.1439842209072,1.143858212093157
CSA_screen__screen_20250124_133156__plate1_A02_1_1.tif,536,323,0.7931907937501156,0.8777173913043478,271,1944.8730650154798,89.37276781798684,1938.9114391143912,1975.9423076923076,0.9812591347258693
CSA_screen__screen_20250124_133156__plate1_A02_1_1.tif,537,6182,0.8345778295912339,0.7583415112855741,257,1198.378356518926,237.71229236439564,1353.431906614786,1191.6528270042195,1.135760244883801
CSA_screen__screen_20250124_133156__plate1_A02_1_1.tif,538,1739,0.8540457784481438,0.94,261,1240.3852788959173,199.12436819700417,1380.5555555555557,1215.6326116373477,1.1356684102905659
CSA_screen__screen_20250124_133156__plate1_A02_1_1.tif,539,1210,0.956359898594839,0.9535066981875493,520,1609.3785123966943,778.8343826330092,2070.121153846154,1262.1521739130435,1.6401517951897737
CSA_screen__screen_20250124_133156__plate1_A02_1_1.tif,540,1392,0.6137793729295901,0.9475833900612661,338,1395.2298850574712,288.1451063705128,1551.0502958579882,1345.2609108159393,1.152973585560612
CSA_screen__screen_20250124_133156__plate1_A02_1_1.tif,541,506,0.6223309613366149,0.937037037037037,357,1004.9486166007905,125.01345907013008,1049.420168067227,898.3959731543624,1.168104265185654
CSA_screen__screen_20250124_133156__plate1_A02_1_1.tif,542,412,0.8468552851132379,0.9300225733634312,338,1675.1019417475727,67.46803843170372,1675.7899408284025,1671.9594594594594,1.002291013306137
CSA_screen__screen_20250124_133156__plate1_A02_1_1.tif,543,1612,0.6833747990206666,0.8666666666666667,478,1136.7816377171216,146.13495482815895,1098.26359832636,1153.0176366843034,0.9525124017049749
CSA_screen__screen_20250124_133156__plate1_A02_1_1.tif,544,1993,0.6529777941365649,0.9418714555765595,469,1409.5298544907175,306.0089170882283,1594.2835820895523,1352.6732283464567,1.178616940647555
CSA_screen__screen_20250124_133156__plate1_A02_1_1.tif,545,288,0.7873739459003614,0.9795918367346939,211,1678.1597222222222,449.2840471732413,1898.1943127962086,1075.2077922077922,1.7654209042686773
CSA_screen__screen_20250124_133156__plate1_A02_1_1.tif,546,433,0.3952972053596442,0.9863325740318907,264,1737.7390300230948,547.4991674525029,2053.159090909091,1245.0118343195265,1.649108092238549
CSA_screen__screen_20250124_133156__plate1_A02_1_1.tif,547,649,0.8995002965232801,0.7259507829977628,369,1625.53312788906,275.8687511386115,1664.3468834688347,1574.3821428571428,1.0571428868269723
CSA_screen__screen_20250124_133156__plate1_A02_1_1.tif,548,529,0.8204187440832129,0.9497307001795332,251,2162.8223062381853,821.2854248939667,2754.764940239044,1628.3705035971223,1.691731049017211
CSA_screen__screen_20250124_133156__plate1_A02_1_1.tif,549,178,0.7692362445119605,0.483695652173913,149,1253.870786516854,135.75167406607164,1231.255033557047,1370.0689655172414,0.8986810624472557
CSA_screen__screen_20250124_133156__plate1_A02_1_1.tif,550,3425,0.8811886259574515,0.7237954353338969,416,1546.9465693430657,367.2154804960812,1784.8870192307693,1514.050847457627,1.178881820401162
CSA_screen__screen_20250124_133156__plate1_A02_1_1.tif,551,1962,0.8818908056230891,0.9245994344957588,595,1342.762996941896,286.15304495032285,1602.4134453781512,1229.74762253109,1.303042523538312
CSA_screen__screen_20250124_133156__plate1_A02_1_1.tif,552,976,0.5625159983409914,0.9402697495183044,342,1158.8073770491803,256.64307075245824,1357.014619883041,1051.8880126182964,1.2900751825332069
CSA_screen__screen_20250124_133156__plate1_A02_1_1.tif,553,2024,0.7974026474417982,0.7435709037472447,374,1530.1304347826087,402.50657911129133,1739.927807486631,1482.5763636363636,1.1735839381784376
CSA_screen__screen_20250124_133156__plate1_A02_1_1.tif,554,1934,0.7263312789730048,0.7798387096774193,248,1444.5894519131334,234.99805938253382,1696.3346774193549,1407.55931198102,1.2051603530880046
CSA_screen__screen_20250124_133156__plate1_A02_1_1.tif,555,970,0.8790864072006052,0.7536907536907537,215,1246.3752577319588,249.81668620692213,1433.613953488372,1193.0556291390728,1.2016321104179273
CSA_screen__screen_20250124_133156__plate1_A02_1_1.tif,556,1004,0.6952690784556836,0.7795031055900621,300,1424.6035856573706,491.6336518552665,2031.7866666666666,1165.8607954545455,1.7427352172645227
CSA_screen__screen_20250124_133156__plate1_A02_1_1.tif,557,1061,0.9509214825002198,0.8420634920634921,345,1212.2016965127239,180.7050096319293,1337.3942028985507,1151.8784916201118,1.161054931251917
CSA_screen__screen_20250124_133156__plate1_A02_1_1.tif,558,1907,0.7071473434698101,0.7844508432743726,254,1468.4934452018879,395.5657128426975,1956.5590551181103,1393.497277676951,1.4040637800023688
CSA_screen__screen_20250124_133156__plate1_A02_1_1.tif,559,729,0.9432141377380813,0.9529411764705882,290,1730.167352537723,342.8026975014242,1911.5931034482758,1610.3189066059226,1.1870897718498197
CSA_screen__screen_20250124_133156__plate1_A02_1_1.tif,560,711,0.4349015829429837,0.9726402188782489,265,1384.818565400844,280.0831692707931,1619.3886792452831,1245.4439461883408,1.3002501511219302
CSA_screen__screen_20250124_133156__plate1_A02_1_1.tif,561,1123,0.6832548408608387,0.9573742540494459,473,1396.7889581478184,327.49964140889875,1631.644820295983,1225.8861538461538,1.3309921277573635
CSA_screen__screen_20250124_133156__plate1_A02_1_1.tif,562,533,0.8425353559748117,0.8610662358642972,251,1742.2570356472795,261.78434397550836,1819.3585657370518,1673.6312056737588,1.0870725638774326
CSA_screen__screen_20250124_133156__plate1_A02_1_1.tif,563,1206,0.3563173686941765,0.945141065830721,395,1550.592039800995,358.88427307746446,1707.9316455696203,1473.9593094944512,1.1587373101604945
CSA_screen__screen_20250124_133156__plate1_A02_1_1.tif,564,1381,0.9081308053765094,0.7571271929824561,672,1651.0760318609703,325.2795834324866,1837.4151785714287,1474.4612129760226,1.246160402458351
CSA_screen__screen_20250124_133156__plate1_A02_1_1.tif,565,972,0.6761531423740477,0.8216398985629755,427,854.1069958847737,96.30411402967755,857.1498829039813,851.7229357798166,1.0063717282888431
CSA_screen__screen_20250124_133156__plate1_A02_1_1.tif,566,4303,0.5692173977117387,0.7699051708713545,379,1439.309086683709,321.84700049887215,1238.382585751979,1458.7155963302753,0.848954099666451
CSA_screen__screen_20250124_133156__plate1_A02_1_1.tif,567,8162,0.8836994754527989,0.8098025597777557,288,1352.9299191374664,330.66500679415003,1722.6909722222222,1339.4055118110236,1.286160880354266
CSA_screen__screen_20250124_133156__plate1_A02_1_1.tif,568,441,0.6483182812151465,0.7386934673366834,304,1342.2947845804988,117.32706845910522,1316.8026315789473,1398.8613138686133,0.9413389436993371
CSA_screen__screen_20250124_133156__plate1_A02_1_1.tif,569,12718,0.8344848577986533,0.7152578595129633,396,1257.4157100172984,224.20528363679838,1653.0151515151515,1244.7020775848077,1.3280408069396215
CSA_screen__screen_20250124_133156__plate1_A02_1_1.tif,570,1126,0.5548436212295849,0.9237079573420837,536,1629.974245115453,269.3389912951524,1768.8264925373135,1503.8305084745762,1.176213996570357
CSA_screen__screen_20250124_133156__plate1_A02_1_1.tif,571,506,0.7551874104096757,0.4324786324786325,172,1232.804347826087,178.58860153351668,1340.1744186046512,1177.5119760479042,1.138140796752397
CSA_screen__screen_20250124_133156__plate1_A02_1_1.tif,572,11027,0.8998962525000505,0.6154833668229516,327,1588.3235694205132,392.00412893263825,1752.5259938837921,1583.3054205607477,1.106878035738116
CSA_screen__screen_20250124_133156__plate1_A02_1_1.tif,573,931,0.4302562575111247,0.890057361376673,322,1074.0236305048336,123.09339707720011,1151.7950310559006,1032.903119868637,1.1151046103940359
CSA_screen__screen_20250124_133156__plate1_A02_1_1.tif,574,3210,0.8013118286899094,0.7292139936392549,397,1317.9255451713395,234.84264978366485,1554.448362720403,1284.5449697831496,1.210115954899436
CSA_screen__screen_20250124_133156__plate1_A02_1_1.tif,575,3881,0.8872525349160983,0.8276818084879505,436,1226.2321566606545,229.50135601110853,1455.0504587155963,1197.2728592162555,1.215303969780192
CSA_screen__screen_20250124_133156__plate1_A02_1_1.tif,576,894,0.40878578977434266,0.8596153846153847,309,1185.0178970917225,151.82083412766454,1239.0873786407767,1156.4581196581196,1.0714502821832272
CSA_screen__screen_20250124_133156__plate1_A02_1_1.tif,577,8447,0.8475129781918704,0.8018035121025154,263,1244.5668284598082,214.67287549677542,1217.1673003802282,1245.4473362658846,0.9772932704080078
CSA_screen__screen_20250124_133156__plate1_A02_1_1.tif,578,510,0.8052825473078751,0.8869565217391304,237,1389.5294117647059,312.3506672492097,1577.2151898734178,1226.5934065934066,1.285850047289742
CSA_screen__screen_20250124_133156__plate1_A02_1_1.tif,579,406,0.6224780026894347,0.9227272727272727,193,385.38669950738915,171.9451760502145,369.8238341968912,399.48826291079814,0.9257439292514816
CSA_screen__screen_20250124_133156__plate1_A02_1_1.tif,580,386,0.6788379449982717,0.8177966101694916,301,1720.6347150259066,191.558223773831,1708.5980066445184,1763.2588235294118,0.9690001171946601
CSA_screen__screen_20250124_133156__plate1_A02_1_1.tif,581,347,0.7354219704283834,0.961218836565097,205,261.1700288184438,50.580690472771714,257.390243902439,266.6267605633803,0.9653578784011605
CSA_screen__screen_20250124_133156__plate1_A02_1_1.tif,582,848,0.76831511218885,0.9506726457399103,320,1339.6816037735848,205.3849182914336,1449.878125,1272.8958333333333,1.1390391004762763
CSA_screen__screen_20250124_133156__plate1_A02_1_1.tif,583,426,0.878867828658959,0.922077922077922,335,1598.7769953051643,112.22993473279193,1601.910447761194,1587.2417582417581,1.0092416227353322
CSA_screen__screen_20250124_133156__plate1_A02_1_1.tif,584,509,0.9173198824974389,0.7344877344877345,269,3126.1119842829075,491.9813448171846,3443.2936802973977,2770.6041666666665,1.2427952436237215
CSA_screen__screen_20250124_133156__plate1_A02_1_1.tif,585,715,0.616317198474863,0.9285714285714286,308,2190.9048951048953,207.08689954232239,2143.2922077922076,2226.936117936118,0.9624399148811552
CSA_screen__screen_20250124_133156__plate1_A02_1_1.tif,586,528,0.7675054226653821,0.9295774647887324,264,851.8314393939394,73.50605517865957,838.1931818181819,865.469696969697,0.9684835699655119
CSA_screen__screen_20250124_133156__plate1_A02_1_1.tif,587,2261,0.541140600612416,0.8842393429800548,271,1258.8549314462628,226.2779095631402,1414.0959409594095,1237.714070351759,1.142506152941707
CSA_screen__screen_20250124_133156__plate1_A02_1_1.tif,588,7858,0.9484912120850415,0.5493568232662193,196,1167.3875031814712,199.88520982108506,1364.3316326530612,1162.3495170973636,1.173770550582832
CSA_screen__screen_20250124_133156__plate1_A02_1_1.tif,589,1152,0.8171881550585961,0.8888888888888888,286,1273.9184027777778,164.3444741666587,1366.1468531468531,1243.459584295612,1.098666068765508
CSA_screen__screen_20250124_133156__plate1_A02_1_1.tif,590,789,0.9242819172692258,0.9728729963008631,293,1289.1191381495564,186.20238795152878,1398.9078498293516,1224.2641129032259,1.1426520103672522
CSA_screen__screen_20250124_133156__plate1_A02_1_1.tif,591,663,0.7926029107523807,0.7978339350180506,310,1138.0331825037708,133.95302788745977,1170.5516129032258,1109.4759206798867,1.0550491372412227
CSA_screen__screen_20250124_133156__plate1_A02_1_1.tif,592,431,0.8964344986261554,0.7548161120840631,212,1891.3201856148492,172.15207903606293,1921.1698113207547,1862.4246575342465,1.0315422981267246
CSA_screen__screen_20250124_133156__plate1_A02_1_1.tif,593,204,0.713875462359514,0.8908296943231441,193,1878.436274509804,127.97698497839343,1884.2227979274612,1776.909090909091,1.060393470643716
CSA_screen__screen_20250124_133156__plate1_A02_1_1.tif,594,675,0.590402962590303,0.9601706970128022,294,1122.6296296296296,94.63889582812412,1170.2380952380952,1085.8923884514436,1.0776740933850124
CSA_screen__screen_20250124_133156__plate1_A02_1_1.tif,595,328,0.7360287414472656,0.9507246376811594,194,907.0487804878048,60.71588220697552,900.6185567010309,916.3582089552239,0.982823690451643
CSA_screen__screen_20250124_133156__plate1_A02_1_1.tif,596,762,0.9552612056482648,0.9395807644882861,323,1165.1233595800525,216.93730846960386,1240.2910216718267,1109.8177676537584,1.117562772754935
CSA_screen__screen_20250124_133156__plate1_A02_1_1.tif,597,403,0.5649843710554624,0.9595238095238096,147,1574.5508684863523,458.0565638112945,1956.047619047619,1355.48828125,1.443057565384333
CSA_screen__screen_20250124_133156__plate1_A02_1_1.tif,598,658,0.6912491512085099,0.7704918032786885,275,952.3799392097264,77.30416983289152,930.3890909090909,968.1697127937337,0.9609772735240564
CSA_screen__screen_20250124_133156__plate1_A02_1_1.tif,599,241,0.8427492637933492,0.909433962264151,202,1736.7510373443984,66.7423690523849,1734.6089108910892,1747.8461538461538,0.99242653998698
CSA_screen__screen_20250124_133156__plate1_A02_1_1.tif,600,836,0.7906566805931426,0.9008620689655172,201,1052.5777511961724,111.64024986606843,964.6019900497513,1080.4251968503936,0.8927984953162099
CSA_screen__screen_20250124_133156__plate1_A02_1_1.tif,601,433,0.8642489554184738,0.7609841827768014,265,1351.4411085450347,187.29776929795648,1406.7396226415094,1264.2142857142858,1.1127382743082168
CSA_screen__screen_20250124_133156__plate1_A02_1_1.tif,602,1064,0.6862712434745851,0.9594229035166817,180,1243.8853383458647,221.99549547366905,1300.6166666666666,1232.3337104072398,1.0554094687849298
CSA_screen__screen_20250124_133156__plate1_A02_1_1.tif,603,888,0.8719859851064697,0.8191881918819188,483,1400.8918918918919,216.16381952397938,1486.552795031056,1298.7333333333333,1.1446174182775954
CSA_screen__screen_20250124_133156__plate1_A02_1_1.tif,604,112,0.5042230036326047,0.896,98,1715.6785714285713,61.71857417308978,1714.4591836734694,1724.2142857142858,0.9943422913719943
CSA_screen__screen_20250124_133156__plate1_A02_1_1.tif,605,493,0.8202351414204121,0.930188679245283,183,1573.4340770791075,469.33938966669746,2075.6120218579235,1276.9870967741936,1.6253978032363383
CSA_screen__screen_20250124_133156__plate1_A02_1_1.tif,606,8821,0.813060629948272,0.8328769710131243,248,1263.7227071760572,249.48023278049328,1690.608870967742,1251.3737314825614,1.3510023651885341
CSA_screen__screen_20250124_133156__plate1_A02_1_1.tif,607,216,0.6259995045879471,0.8816326530612245,188,1375.1990740740741,101.50279233102167,1393.9308510638298,1249.4285714285713,1.1156546944256585
CSA_screen__screen_20250124_133156__plate1_A02_1_1.tif,608,1464,0.7262064586020778,0.846242774566474,202,1430.797131147541,304.1590291143264,1686.2128712871288,1389.9144215530903,1.2131774770729802
CSA_screen__screen_20250124_133156__plate1_A02_1_1.tif,609,1298,0.3981732921414044,0.8251748251748252,98,1303.462249614792,375.56320998203705,1621.9489795918366,1277.4525,1.2696745903208428
CSA_screen__screen_20250124_133156__plate1_A02_1_1.tif,610,2028,0.6717211730550199,0.8993348115299334,192,1086.2899408284025,106.0948217425724,1135.78125,1081.1143790849674,1.050565298152173
CSA_screen__screen_20250124_133156__plate1_A02_1_1.tif,611,2369,0.6012979043274077,0.877732493516117,268,1233.9046010975094,214.69748656806433,1564.8507462686566,1191.6896715849596,1.313136115535338
CSA_screen__screen_20250124_133156__plate1_A02_1_1.tif,612,2772,0.85513483163314,0.9558620689655173,347,1378.2795815295815,255.49153763368034,1566.599423631124,1351.3323711340206,1.159299856271817
CSA_screen__screen_20250124_133156__plate1_A02_1_1.tif,613,267,0.7524162326933975,0.8782894736842105,173,1348.0674157303372,107.80240605385139,1380.2312138728323,1288.872340425532,1.07088279465842
CSA_screen__screen_20250124_133156__plate1_A02_1_1.tif,614,483,0.9510335600810007,0.8117647058823529,217,1403.6521739130435,241.83623621239562,1588.857142857143,1252.563909774436,1.268483891686826
CSA_screen__screen_20250124_133156__plate1_A02_1_1.tif,615,643,0.7421633412551127,0.6804232804232804,221,1077.832037325039,88.57209995042722,1104.0135746606336,1064.1208530805686,1.03748890125081
CSA_screen__screen_20250124_133156__plate1_A02_1_1.tif,616,1071,0.7098842620880029,0.9622641509433962,141,1312.3333333333333,402.72257389168306,1988.8936170212767,1209.758064516129,1.6440424539073282
CSA_screen__screen_20250124_133156__plate1_A02_1_1.tif,617,1932,0.5773149215208584,0.8940305414160111,249,1288.626811594203,224.5117452916262,1529.9598393574297,1252.921568627451,1.221113817230769
CSA_screen__screen_20250124_133156__plate1_A02_1_1.tif,618,3236,0.7769585979048462,0.6917486105173151,90,1371.3374536464771,261.9002333548799,1387.6444444444444,1370.8709472345836,1.012235650076105
CSA_screen__screen_20250124_133156__plate1_A02_1_1.tif,619,298,0.9252171736015325,0.8563218390804598,245,1271.8255033557048,93.5458995506121,1273.7142857142858,1263.0943396226414,1.0084078803605574
CSA_screen__screen_20250124_133156__plate1_A02_1_1.tif,620,147,0.7893163865403363,0.930379746835443,134,1994.1632653061224,262.96723990415074,2017.0671641791046,1758.076923076923,1.1473145103622122
CSA_screen__screen_20250124_133156__plate1_A02_1_1.tif,621,367,0.8692359876781394,0.8065934065934066,198,1222.9700272479563,118.45790098593596,1284.1464646464647,1151.2958579881656,1.115392238872855
CSA_screen__screen_20250124_133156__plate1_A02_1_1.tif,622,3049,0.7177889952556173,0.946600434647625,127,1417.9294850770746,337.80024500122846,1890.9212598425197,1397.3716632443532,1.3531985151697337
CSA_screen__screen_20250124_133156__plate1_A02_1_1.tif,623,575,0.489806258836906,0.8900928792569659,251,1300.6034782608697,221.52349799020135,1438.231075697211,1193.9845679012346,1.204564208250454
CSA_screen__screen_20250124_133156__plate1_A02_1_1.tif,624,717,0.6769690302355644,0.9534574468085106,202,1141.8005578800557,105.95903579250094,1213.049504950495,1113.8543689320388,1.089055749822631
CSA_screen__screen_20250124_133156__plate1_A02_1_1.tif,625,813,0.7153798736830206,0.848643006263048,175,1035.9557195571956,80.26185930392208,1049.6,1032.2131661442006,1.0168442279425163
CSA_screen__screen_20250124_133156__plate1_A02_1_1.tif,626,408,0.5822617429346582,0.9357798165137615,134,260.8235294117647,137.02128157052658,177.49253731343285,301.57664233576645,0.5885486884485501
CSA_screen__screen_20250124_133156__plate1_A02_1_1.tif,627,1160,0.7624353005509441,0.942323314378554,261,1211.5025862068965,177.49217562220772,1371.3908045977012,1165.083426028921,1.1770751981872747
CSA_screen__screen_20250124_133156__plate1_A02_1_1.tif,628,253,0.9573383159787127,0.7333333333333333,102,1687.5335968379447,391.640761445234,1878.3529411764705,1558.635761589404,1.2051262953578314
CSA_screen__screen_20250124_133156__plate1_A02_1_1.tif,629,159,0.5339793740715408,0.888268156424581,120,2485.880503144654,144.10864021948984,2506.3083333333334,2423.025641025641,1.0343713623568753
CSA_screen__screen_20250124_133156__plate1_A02_1_1.tif,630,1476,0.860135963622351,0.7109826589595376,156,1187.0081300813008,256.5967488742166,1392.2371794871794,1162.753787878788,1.1973619815309637
CSA_screen__screen_20250124_133156__plate1_A02_1_1.tif,631,6134,0.5645616076771289,0.7905657945611548,169,1196.2210629279425,216.91888524916877,1025.7633136094676,1201.050461022632,0.8540551349824915
CSA_screen__screen_20250124_133156__plate1_A02_1_1.tif,632,328,0.8906372353308115,0.9909365558912386,113,1539.2713414634147,224.17888688507165,1602.0796460176991,1506.260465116279,1.063613951982749
CSA_screen__screen_20250124_133156__plate1_A02_1_1.tif,633,234,0.8180735336467716,0.9629629629629629,112,1098.7777777777778,78.42129388904948,1121.2232142857142,1078.172131147541,1.0399296938721208
CSA_screen__screen_20250124_133156__plate1_A02_1_1.tif,634,584,0.8333660731472619,0.8111111111111111,250,1098.304794520548,138.0735593270187,1198.92,1022.9940119760479,1.1719716693982676
CSA_screen__screen_20250124_133156__plate1_A02_1_1.tif,635,7637,0.7469687746797629,0.6968701523861667,194,1160.9969883462093,186.77643607680815,1207.5979381443299,1159.782345828295,1.0412280739468283
CSA_screen__screen_20250124_133156__plate1_A02_1_1.tif,636,14099,0.7535963455762986,0.6667770158429889,106,1174.642740619902,206.0616978644901,1369.7830188679245,1173.164510826842,1.167596706366873
CSA_screen__screen_20250124_133156__plate1_A02_1_1.tif,637,8311,0.8550995269543539,0.8676271009499947,198,1235.3634941643604,219.46777180662556,1210.4444444444443,1235.9716504375692,0.9793464469965087
CSA_screen__screen_20250124_133156__plate1_A02_1_1.tif,638,166,0.9169551313241742,0.7867298578199052,69,463.1807228915663,48.71484387674109,456.3188405797101,468.0618556701031,0.974911403379408
CSA_screen__screen_20250124_133156__plate1_A02_1_1.tif,639,441,0.8084720142915017,0.9649890590809628,136,1123.1587301587301,96.82303666132083,1144.2867647058824,1113.7377049180327,1.027429312712456
CSA_screen__screen_20250124_133156__plate1_A02_1_1.tif,640,4269,0.5950497349894301,0.7882200886262924,290,1177.407823846334,201.35491099648948,1160.4344827586208,1178.6448856496606,0.9845497120356125
CSA_screen__screen_20250124_133156__plate1_A02_1_1.tif,641,289,0.8276214611630522,0.9665551839464883,141,180.92041522491348,66.81703493580852,202.5744680851064,160.29054054054055,1.2637955265605423
CSA_screen__screen_20250124_133156__plate1_A02_1_1.tif,642,210,0.9556991578015133,0.7664233576642335,121,1579.6857142857143,227.4434650543259,1692.5206611570247,1426.2808988764045,1.1866671302198315
CSA_screen__screen_20250124_133156__plate1_A02_1_1.tif,643,420,0.9037640891112274,0.9354120267260579,158,1080.2,94.65339276489122,1049.0569620253164,1098.9809160305344,0.9545725014174578
CSA_screen__screen_20250124_133156__plate1_A02_1_1.tif,644,1442,0.6545560884392504,0.9231754161331626,128,1319.6955617198337,268.0204198541666,1602.4296875,1292.1537290715373,1.2401230994793537
CSA_screen__screen_20250124_133156__plate1_A02_1_1.tif,645,2324,0.8243305866527806,0.8509703405346027,109,1405.3463855421687,358.30481677060226,1722.5963302752293,1389.7345372460497,1.2395146584532546
CSA_screen__screen_20250124_133156__plate1_A02_1_1.tif,646,176,0.8709360913850193,0.8627450980392157,104,686.0170454545455,44.51895337328225,694.2596153846154,674.1111111111111,1.029888995955421
CSA_screen__screen_20250124_133156__plate1_A02_1_1.tif,647,1141,0.7780481541748434,0.91941982272361,213,1309.259421560035,222.5502320695972,1531.1079812206572,1258.3394396551723,1.216768649991796
CSA_screen__screen_20250124_133156__plate1_A02_1_1.tif,648,342,0.8625903734999356,0.9,159,1004.8508771929825,72.22522835091381,1020.2389937106918,991.4808743169399,1.0290052184955805
CSA_screen__screen_20250124_133156__plate1_A02_1_1.tif,649,624,0.9190668445521748,0.9004329004329005,357,1314.059294871795,219.07013865605884,1419.7563025210084,1172.7340823970037,1.210637879321376
CSA_screen__screen_20250124_133156__plate1_A02_1_1.tif,650,1119,0.950751446833311,0.8852848101265823,174,1218.4950848972296,137.4016236685155,1310.1149425287356,1201.6253968253968,1.0902856630610172
CSA_screen__screen_20250124_133156__plate1_A02_1_1.tif,651,650,0.8519786370212805,0.876010781671159,85,1208.696923076923,228.87977123992465,1405.9176470588236,1179.0265486725664,1.1924393463757943
CSA_screen__screen_20250124_133156__plate1_A02_1_1.tif,652,517,0.6436957001787867,0.5681318681318681,141,1326.3191489361702,184.13849982774238,1361.1914893617022,1313.2420212765958,1.0365122858606786
CSA_screen__screen_20250124_133156__plate1_A02_1_1.tif,653,1292,0.8792553071354622,0.8234544295729764,168,1571.405572755418,358.4576366970101,1904.642857142857,1521.5978647686832,1.251738650035767
CSA_screen__screen_20250124_133156__plate1_A02_1_1.tif,654,326,0.9089819032980905,0.8129675810473815,162,916.6687116564417,67.86702581385676,924.2901234567901,909.140243902439,1.0166639631849548
CSA_screen__screen_20250124_133156__plate1_A02_1_1.tif,655,1595,0.8103547618310669,0.9278650378126818,208,1159.8018808777429,162.03185451429002,1275.6009615384614,1142.436193222783,1.1165621057050232
CSA_screen__screen_20250124_133156__plate1_A02_1_1.tif,656,1023,0.5855381927273012,0.8957968476357268,240,1109.8338220918865,134.60340263795766,1225.6041666666667,1074.3486590038315,1.1407881011394234
CSA_screen__screen_20250124_133156__plate1_A02_1_1.tif,657,459,0.7225870029857899,0.9405737704918032,166,827.4575163398692,102.9196645227015,838.3313253012049,821.2969283276451,1.0207408507033453
CSA_screen__screen_20250124_133156__plate1_A02_1_1.tif,658,2017,0.6060443922969511,0.8920831490490934,101,1098.8418443232524,176.52599565913863,1123.6930693069307,1097.5318371607516,1.023836422106767
CSA_screen__screen_20250124_133156__plate1_A02_1_1.tif,659,2632,0.8549596105855028,0.8083538083538083,193,1179.3073708206687,177.2212185671136,1298.341968911917,1169.8880688806887,1.109800162466935
CSA_screen__screen_20250124_133156__plate1_A02_1_1.tif,660,252,0.8452934550421217,0.972972972972973,80,1329.797619047619,217.20673239452242,1446.575,1275.4825581395348,1.1341393818117176
CSA_screen__screen_20250124_133156__plate1_A02_1_1.tif,661,246,0.6895773658334137,0.968503937007874,100,1414.378048780488,325.5382275047348,1581.09,1300.1917808219177,1.2160436816486504
CSA_screen__screen_20250124_133156__plate1_A02_1_1.tif,662,479,0.6289659070962431,0.9466403162055336,91,1097.705636743215,96.33864564460264,1173.098901098901,1080.0231958762886,1.086179357608236
CSA_screen__screen_20250124_133156__plate1_A02_1_1.tif,663,1838,0.5434715108852852,0.7841296928327645,118,1157.5163220892275,134.29770376815043,1159.3559322033898,1157.3901162790698,1.001698490333268
CSA_screen__screen_20250124_133156__plate1_A02_1_1.tif,664,3545,0.7215952456381793,0.8963337547408344,141,1376.38730606488,246.55423777758404,1492.5177304964539,1371.5769682726204,1.0881764312331283
CSA_screen__screen_20250124_133156__plate1_A02_1_1.tif,665,276,0.6402168023663978,0.9169435215946844,111,720.072463768116,62.44013221735802,689.5315315315315,740.6181818181818,0.9310216093247468
CSA_screen__screen_20250124_133156__plate1_A02_1_1.tif,666,246,0.8282142153867069,0.9534883720930233,151,2071.7601626016262,361.12621292979304,2023.6754966887418,2148.1894736842105,0.9420377119798825
CSA_screen__screen_20250124_133156__plate1_A02_1_1.tif,667,379,0.7726163624116676,0.8896713615023474,128,895.1187335092349,71.8808684788746,904.546875,890.3107569721116,1.0159900550638123
CSA_screen__screen_20250124_133156__plate1_A02_1_1.tif,668,237,0.7721393672678984,0.9442231075697212,131,1060.1097046413502,112.48912085567754,1115.679389312977,991.433962264151,1.125318913591668
CSA_screen__screen_20250124_133156__plate1_A02_1_1.tif,669,317,0.8244064969554769,0.8732782369146006,157,447.9211356466877,55.321572919215235,425.0891719745223,470.325,0.9038200647946044
CSA_screen__screen_20250124_133156__plate1_A02_1_1.tif,670,208,0.7924867067730911,0.9719626168224299,77,1322.8461538461538,264.6601873967813,1502.6623376623377,1217.1526717557251,1.2345717776676026
CSA_screen__screen_20250124_133156__plate1_A02_1_1.tif,671,482,0.6153096838591158,0.8795620437956204,84,1307.5186721991702,294.41526664969535,1553.154761904762,1255.675879396985,1.2369073798332701
CSA_screen__screen_20250124_133156__plate1_A02_1_1.tif,672,205,0.5095481144565482,0.9234234234234234,97,1320.7658536585366,426.9520951078168,1579.3711340206185,1088.5,1.4509610785674032
CSA_screen__screen_20250124_133156__plate1_A02_1_1.tif,673,316,0.5967152184920885,0.8657534246575342,211,1407.9810126582279,352.17708921950964,1564.5876777251185,1093.2761904761905,1.4311001111655437
CSA_screen__screen_20250124_133156__plate1_A02_1_1.tif,674,261,0.8274759196074281,0.9630996309963099,92,1046.8007662835248,75.832080066611,1090.1739130434783,1023.189349112426,1.0654664398033058
CSA_screen__screen_20250124_133156__plate1_A02_1_1.tif,675,7817,0.908104565814504,0.7727362593910636,104,1246.5627478572342,254.02506312253237,1706.3076923076924,1240.363671723065,1.375651134588097
CSA_screen__screen_20250124_133156__plate1_A02_1_1.tif,676,13498,0.9464821425999553,0.6136012364760433,91,1289.060601570603,285.37290637045106,1451.7252747252746,1287.956515253226,1.1271539508768664
CSA_screen__screen_20250124_133156__plate1_A02_1_1.tif,677,344,0.9382914594432623,0.9942196531791907,70,1454.4476744186047,278.104637002871,1726.2142857142858,1385.0182481751824,1.2463476838580596
CSA_screen__screen_20250124_133156__plate1_A02_1_1.tif,678,225,0.8349622181897677,0.8928571428571429,111,1533.7777777777778,67.05529687881616,1532.2072072072071,1535.3070175438597,0.9979809834116361
CSA_screen__screen_20250124_133156__plate1_A02_1_1.tif,679,841,0.9590644054955504,0.9323725055432373,65,1352.3745541022593,200.68557590195275,1572.2615384615385,1333.9561855670104,1.1786455623302456
CSA_screen__screen_20250124_133156__plate1_A02_1_1.tif,680,3803,0.4753655940240541,0.9078539030794939,72,1188.943728635288,208.64871453921336,1377.861111111111,1185.2980434199947,1.1624596182876548
CSA_screen__screen_20250124_133156__plate1_A02_1_1.tif,681,10599,0.6832475943902382,0.8678457381478752,96,1227.5216529861307,194.09254909203162,1382.1979166666667,1226.1078739407787,1.1273053097882864
CSA_screen__screen_20250124_133156__plate1_A02_1_1.tif,682,1516,0.812787402922601,0.865296803652968,57,1035.5118733509235,112.28593467355698,980.4035087719299,1037.6648389307745,0.9448171239782513
CSA_screen__screen_20250124_133156__plate1_A02_1_1.tif,683,254,0.4435883111931188,0.9338235294117647,100,1656.7204724409448,503.736445094369,1967.97,1454.6103896103896,1.3529189768313916
CSA_screen__screen_20250124_133156__plate1_A02_1_1.tif,684,342,0.6573683168324214,0.9633802816901409,56,1143.187134502924,134.51365746646434,1159.607142857143,1139.972027972028,1.0172242076150282
CSA_screen__screen_20250124_133156__plate1_A02_1_1.tif,685,447,0.6300595330948772,0.8156934306569343,137,902.7919463087248,74.48360105095867,901.7299270072992,903.2612903225806,0.9983046286476701
CSA_screen__screen_20250124_133156__plate1_A02_1_1.tif,686,410,0.8198214300410813,0.9360730593607306,152,1074.7731707317073,85.04013263300536,1122.9013157894738,1046.4186046511627,1.0730899764189568
CSA_screen__screen_20250124_133156__plate1_A02_1_1.tif,687,1713,0.9204752276467539,0.8959205020920502,62,1252.05137186223,140.15808662546954,1327.3064516129032,1249.2253179890974,1.0625036432574826
CSA_screen__screen_20250124_133156__plate1_A02_1_1.tif,688,1197,0.8494990097345829,0.5735505510301868,86,1113.904761904762,136.8054529209999,1304.593023255814,1099.1440144014402,1.1869172794124296
CSA_screen__screen_20250124_133156__plate1_A02_1_1.tif,689,501,0.6915481447166952,0.9506641366223909,104,1194.125748502994,187.6743850558101,1338.4326923076924,1156.3224181360201,1.1574909137066045
CSA_screen__screen_20250124_133156__plate1_A02_1_1.tif,690,375,0.8301990867890005,0.8886255924170616,67,1417.008,248.1490679732648,1603.9402985074628,1376.344155844156,1.1653628140148675
CSA_screen__screen_20250124_133156__plate1_A02_1_1.tif,691,138,0.8278315583973633,0.9787234042553191,45,1362.8623188405797,326.5065237164575,1632.911111111111,1232.1935483870968,1.3252066716698372
CSA_screen__screen_20250124_133156__plate1_A02_1_1.tif,692,13048,0.7468318220453178,0.7297947312489513,52,1224.1161097486204,226.4678486508454,1467.2115384615386,1223.1434287473069,1.1995416923133833
CSA_screen__screen_20250124_133156__plate1_A02_1_1.tif,693,17500,0.8584175195687341,0.7663674184366105,59,1196.6222857142857,215.30014628202468,1474.4745762711864,1195.6823576629781,1.2331657875701385
CSA_screen__screen_20250124_133156__plate1_A02_1_1.tif,694,6582,0.6455176765685059,0.7512840999885858,54,1146.7824369492555,162.23423184217546,1344.388888888889,1145.1478247549019,1.173987200453034
CSA_screen__screen_20250124_133156__plate1_A02_1_1.tif,695,238,0.5597044848172636,0.9558232931726908,53,699.6596638655462,48.832823751215386,697.1509433962265,700.3783783783783,0.995391869478289
CSA_screen__screen_20250124_133156__plate1_A02_1_1.tif,696,137,0.8937227338497523,0.9513888888888888,83,1151.4379562043796,83.39361082091305,1176.8313253012047,1112.4074074074074,1.0579139598179634
CSA_screen__screen_20250124_133156__plate1_A02_1_1.tif,697,100,0.8195614421258037,0.9900990099009901,47,1474.13,523.8020552651544,1872.8297872340424,1120.566037735849,1.6713247806601155
CSA_screen__screen_20250124_133156__plate1_A02_1_1.tif,698,202,0.5497925346814703,0.9619047619047619,76,1421.3613861386139,399.58591573468175,1740.5526315789473,1228.8333333333333,1.4164269346905851
CSA_screen__screen_20250124_133156__plate1_A02_1_1.tif,699,192,0.9184825202116611,0.9696969696969697,72,1203.921875,164.74746817928454,1297.4305555555557,1147.8166666666666,1.1303465032646525
CSA_screen__screen_20250124_133156__plate1_A02_1_1.tif,700,1610,0.5630873219238979,0.9065315315315315,47,1071.7298136645963,103.35968515273308,1098.9574468085107,1070.9110684580935,1.026189269283395
CSA_screen__screen_20250124_133156__plate1_A02_1_1.tif,701,105,0.8452891984716537,0.9545454545454546,58,1171.6095238095238,82.78526384144132,1159.396551724138,1186.6808510638298,0.9770078877440113
CSA_screen__screen_20250124_133156__plate1_A02_1_1.tif,702,279,0.8254749256731597,0.9393939393939394,84,763.3691756272401,61.792431329179024,751.452380952381,768.5025641025641,0.9778137589298822
CSA_screen__screen_20250124_133156__plate1_A02_1_1.tif,703,1792,0.7042457682971617,0.9476467477525119,81,1197.6283482142858,177.18456075905357,1372.4814814814815,1189.3506721215663,1.1539754537097509
CSA_screen__screen_20250124_133156__plate1_A02_1_1.tif,704,1061,0.7583557873156416,0.9242160278745645,63,1224.7360980207352,186.3060683147515,1381.4444444444443,1214.8436873747496,1.1371376077441826
CSA_screen__screen_20250124_133156__plate1_A02_1_1.tif,705,9653,0.45728576040800123,0.9039235883509692,63,1220.5572360924066,212.43157949990413,1258.6507936507937,1220.3069864442127,1.0314214436469866
CSA_screen__screen_20250124_133156__plate1_A02_1_1.tif,706,150,0.6814493039877682,0.9615384615384616,81,900.68,51.36059708894878,892.8518518518518,909.8695652173913,0.981296535222086
CSA_screen__screen_20250124_133156__plate1_A02_1_1.tif,707,311,0.46730795089476646,0.9598765432098766,79,717.5691318327974,50.10529952734925,709.8987341772151,720.1810344827586,0.9857226172125897
CSA_screen__screen_20250124_133156__plate1_A02_1_1.tif,708,127,0.93695010360151,1.0,44,2732.6220472440946,150.90978319355352,2780.6136363636365,2707.1807228915663,1.0271252350650737
CSA_screen__screen_20250124_133156__plate1_A02_1_1.tif,709,218,0.8460709662196644,0.9688888888888889,53,2016.7431192660551,847.3530334931756,3027.7169811320755,1692.0060606060606,1.7894244303401465
CSA_screen__screen_20250124_133156__plate1_A02_1_1.tif,710,58,0.7614875843929496,0.9666666666666667,52,1301.655172413793,87.8624614293189,1311.6923076923076,1214.6666666666667,1.0798784091868614
CSA_screen__screen_20250124_133156__plate1_A02_1_1.tif,711,634,0.922029156777599,0.70996640537514,96,1152.7854889589905,121.04611595134322,1219.5104166666667,1140.8791821561338,1.06892161391001
CSA_screen__screen_20250124_133156__plate1_A02_1_1.tif,712,2181,0.7252798654756746,0.8292775665399239,70,2170.6501604768455,789.1702530187198,2905.6,2146.279488394126,1.3537845447025203
CSA_screen__screen_20250124_133156__plate1_A02_1_1.tif,713,84,0.8550150677944918,0.9545454545454546,50,1741.6666666666667,93.62899598355678,1761.66,1712.264705882353,1.0288479310167133
CSA_screen__screen_20250124_133156__plate1_A02_1_1.tif,714,159,0.8557613642304176,0.9352941176470588,81,3473.2075471698113,485.35114793146016,3762.061728395062,3173.24358974359,1.1855571821068582
CSA_screen__screen_20250124_133156__plate1_A02_1_1.tif,715,164,0.8246693046018952,0.9590643274853801,59,912.4085365853658,84.13460571219325,924.6779661016949,905.5142857142857,1.0211633109380407
CSA_screen__screen_20250124_133156__plate1_A02_1_1.tif,716,1909,0.6565124099104956,0.7859201317414574,72,1965.360398114196,706.8124546276853,2469.902777777778,1945.585193249864,1.2694909410017172
CSA_screen__screen_20250124_133156__plate1_A02_1_1.tif,717,1563,0.7859005263643206,0.7018410417602156,76,1040.8502879078694,81.59881483092082,1122.9473684210527,1036.654337592468,1.0832418557462387
CSA_screen__screen_20250124_133156__plate1_A02_1_1.tif,718,3235,0.6455316096984509,0.8196098302508235,91,1213.4593508500773,206.82079498423113,1318.967032967033,1210.405534351145,1.0896901869125077
CSA_screen__screen_20250124_133156__plate1_A02_1_1.tif,719,11729,0.9006932085090509,0.6178686192909445,43,1127.8270952340354,172.42389312796212,1188.6279069767443,1127.6033715557078,1.054118794746812
CSA_screen__screen_20250124_133156__plate1_A02_1_1.tif,720,248,0.9655844079472042,0.8953068592057761,42,1039.717741935484,130.95028362702357,1135.142857142857,1020.2621359223301,1.1125992205098088
CSA_screen__screen_20250124_133156__plate1_A02_1_1.tif,721,11858,0.21142608630625628,0.69822763940411,52,1093.800134930005,145.48181455882633,1382.4615384615386,1092.528714213112,1.2653777612218176
CSA_screen__screen_20250124_133156__plate1_A02_1_1.tif,722,167,0.9307584917083751,0.9823529411764705,36,1292.3293413173653,185.67489594287775,1464.0277777777778,1245.145038167939,1.175788950604417
CSA_screen__screen_20250124_133156__plate1_A02_1_1.tif,723,592,0.9815974081823023,0.8888888888888888,49,1162.6216216216217,137.54218789674823,1154.4489795918366,1163.3591160220994,0.9923410266807987
CSA_screen__screen_20250124_133156__plate1_A02_1_1.tif,724,67,0.8798208683092443,0.9852941176470589,41,1445.4925373134329,83.55628599562654,1463.1951219512196,1417.576923076923,1.0321804045563043
CSA_screen__screen_20250124_133156__plate1_A02_1_1.tif,725,76,0.9122653477387531,0.987012987012987,63,1278.0657894736842,111.75023084002012,1301.2857142857142,1165.5384615384614,1.116467415899834
CSA_screen__screen_20250124_133156__plate1_A02_1_1.tif,726,148,0.7697448266899105,0.9736842105263158,43,1083.0067567567567,108.09520932340416,1106.6279069767443,1073.3333333333333,1.031019789108768
CSA_screen__screen_20250124_133156__plate1_A02_1_1.tif,727,727,0.9365880665089498,0.7205153617443013,95,995.9532324621733,75.22132780452868,969.8315789473684,999.879746835443,0.9699482182900742
CSA_screen__screen_20250124_133156__plate1_A02_1_1.tif,728,655,0.9379299773464728,0.7929782082324455,85,1063.72213740458,164.30246465471754,1223.1882352941177,1039.9421052631578,1.1762080111032618
CSA_screen__screen_20250124_133156__plate1_A02_1_1.tif,729,162,0.8145499995606172,0.9364161849710982,42,355.7654320987654,33.435868817464915,353.3809523809524,356.6,0.9909729455438934
CSA_screen__screen_20250124_133156__plate1_A02_1_1.tif,730,117,0.8729264554159742,0.9915254237288136,41,1936.5213675213674,164.36989754405369,1978.7073170731708,1913.7631578947369,1.0339353168705978
CSA_screen__screen_20250124_133156__plate1_A02_1_1.tif,731,105,0.8453891876776449,0.9459459459459459,53,845.7142857142857,61.30061978801322,870.5849056603773,820.3653846153846,1.0612160410309577
CSA_screen__screen_20250124_133156__plate1_A02_1_1.tif,732,170,0.9236583863126306,0.8900523560209425,69,802.2588235294118,66.0018988926792,807.6231884057971,798.5940594059406,1.0113062811994533
CSA_screen__screen_20250124_133156__plate1_A02_1_1.tif,733,202,0.8146217247210477,0.9181818181818182,40,779.4851485148515,64.69901584043235,743.025,788.4876543209876,0.9423419579598387
CSA_screen__screen_20250124_133156__plate1_A02_1_1.tif,734,131,0.7966973398199991,0.9357142857142857,62,1041.328244274809,448.4164919703146,1439.3870967741937,683.6521739130435,2.105437752849558
CSA_screen__screen_20250124_133156__plate1_A02_1_1.tif,735,241,0.6709888733055503,0.9525691699604744,50,409.9626556016598,61.307762631846906,379.6,417.9109947643979,0.908327382518385
CSA_screen__screen_20250124_133156__plate1_A02_1_1.tif,736,208,0.9164591311123111,0.9904761904761905,47,1502.9759615384614,110.80385649633345,1614.6382978723404,1470.3788819875776,1.0981103698182613
CSA_screen__screen_20250124_133156__plate1_A02_1_1.tif,737,199,0.9844727085964504,0.9851485148514851,21,1332.2964824120604,183.1929743931889,1399.857142857143,1324.3258426966293,1.0570337735060087
CSA_screen__screen_20250124_133156__plate1_A02_1_1.tif,738,2343,0.8318421136032559,0.8729508196721312,165,1198.3922321809646,203.91371994254044,1454.2181818181818,1179.0114784205693,1.2334215641108819
CSA_screen__screen_20250124_133156__plate1_A02_1_1.tif,739,109,0.7950609112127819,0.9316239316239316,46,1010.5779816513761,83.1985900526683,1036.9130434782608,991.3492063492064,1.045961440062932
CSA_screen__screen_20250124_133156__plate1_A02_1_1.tif,740,141,0.9070132618266301,0.9724137931034482,42,1152.6312056737588,140.80575682075468,1224.1190476190477,1122.3030303030303,1.0907206116056964
CSA_screen__screen_20250124_133156__plate1_A02_1_1.tif,741,172,0.8926294549181851,0.9717514124293786,66,993.3720930232558,133.42209176158894,898.9848484848485,1052.1415094339623,0.8544334012337277
CSA_screen__screen_20250124_133156__plate1_A02_1_1.tif,742,16582,0.5893254832974328,0.6626968267924227,92,1169.0874442166205,185.41726393765242,1434.0869565217392,1167.6089751364464,1.2282253623086037
CSA_screen__screen_20250124_133156__plate1_O24_13_1.tif,1,34949,0.9073200841715757,0.7191004300323038,20983,3090.2333113966065,2580.0786527554515,2233.351665634085,4377.64184447945,0.5101723130800471
CSA_screen__screen_20250124_133156__plate1_O24_13_1.tif,2,7412,0.8501393935711636,0.8990781174187288,5530,2210.2374527792767,2113.3196681309246,1918.3419529837252,3067.932518597237,0.6252881839333468
CSA_screen__screen_20250124_133156__plate1_O24_13_1.tif,3,2406,0.822010602356239,0.9017991004497751,1834,199.3715710723192,98.4826946907848,231.567066521265,96.14335664335664,2.4085602438477576
CSA_screen__screen_20250124_133156__plate1_O24_13_1.tif,4,8394,0.7038292368914453,0.9140803658934988,1299,5340.552299261377,2000.717427720025,5766.74441878368,5262.522198731501,1.0958137944147235
CSA_screen__screen_20250124_133156__plate1_O24_13_1.tif,5,279,0.906749959098715,0.49380530973451325,231,5867.763440860215,593.8274322634402,6012.688311688312,5170.3125,1.1629255120823572
CSA_screen__screen_20250124_133156__plate1_O24_13_1.tif,6,861,0.6637093307354976,0.8270893371757925,492,161.52032520325204,106.99428976431717,219.22967479674796,84.57452574525745,2.592147846705973
CSA_screen__screen_20250124_133156__plate1_O24_13_1.tif,7,660,0.8276160524021633,0.9141274238227147,438,194.9409090909091,92.6706509018227,237.41552511415526,111.13963963963964,2.1361912444916493
CSA_screen__screen_20250124_133156__plate1_O24_13_1.tif,8,403,0.42296621164077297,0.9710843373493976,223,242.32506203473946,109.16286938238277,319.0627802690583,147.25555555555556,2.166728304852882
CSA_screen__screen_20250124_133156__plate1_O24_13_1.tif,9,252,0.6922525504124927,0.9545454545454546,156,3647.0198412698414,875.4687608325186,4069.4615384615386,2960.5520833333335,1.3745617114358164
CSA_screen__screen_20250125_171958__plate2_A01_7_1.tif,1,13345,0.774878542081719,0.9534185896977924,8090,932.7118021730986,295.0169832847995,1101.0477132262051,673.5609895337774,1.6346666899285893
CSA_screen__screen_20250125_171958__plate2_A01_7_1.tif,2,12487,0.6285125120630769,0.7631707615205965,5828,894.3505245455274,283.6752557716159,1099.9986273164036,714.3659708664965,1.5398250647103902
CSA_screen__screen_20250125_171958__plate2_A01_7_1.tif,3,7826,0.6520151863806246,0.9556722432531445,4210,922.290314336826,368.93603740225007,1156.0757719714964,650.1009402654868,1.7783019533849325
CSA_screen__screen_20250125_171958__plate2_A01_7_1.tif,4,12307,0.7417632758970444,0.9617849327914973,5458,822.4778581295197,222.33522628971872,989.116709417369,689.6825813987443,1.4341622307052364
CSA_screen__screen_20250125_171958__plate2_A01_7_1.tif,5,5634,0.8634880462024769,0.9298564119491666,3449,853.125665601704,170.60903716415248,949.7535517541316,700.5995423340961,1.355629706222704
CSA_screen__screen_20250125_171958__plate2_A01_7_1.tif,6,5168,0.6938972104300106,0.9386124228114784,3649,540.1400928792569,124.64912719144445,585.2408879144971,431.7972350230415,1.3553604341242889
CSA_screen__screen_20250125_171958__plate2_A01_7_1.tif,7,10387,0.7413877353613455,0.9265007581839265,4032,744.6324251468182,214.90931467964563,922.4608134920635,631.8072383949645,1.4600352092126576
CSA_screen__screen_20250125_171958__plate2_A01_7_1.tif,8,7950,0.5388335122668086,0.9737873591376776,3803,706.1211320754717,155.78494463464378,830.2421772285038,592.296117675428,1.401734964069894
CSA_screen__screen_20250125_171958__plate2_A01_7_1.tif,9,5218,0.41005958764533584,0.9513217866909753,3412,586.6667305481027,91.3757101174477,623.7857561547479,516.5393133997785,1.2076249376820722
CSA_screen__screen_20250125_171958__plate2_A01_7_1.tif,10,9625,0.7082221579742676,0.9337407838571983,4011,779.7735064935065,208.1322821729241,940.5088506606832,664.9339152119701,1.4144395843621005
CSA_screen__screen_20250125_171958__plate2_A01_7_1.tif,11,7352,0.4699465911506062,0.9641967213114754,3793,660.916077257889,137.87206620749842,745.1637226469812,571.1292497892666,1.3047199437289008
CSA_screen__screen_20250125_171958__plate2_A01_7_1.tif,12,7923,0.5358691889121843,0.9572308807538963,3562,820.1547393664016,191.4330659566936,960.0524985962942,705.8883283650539,1.360062859829293
CSA_screen__screen_20250125_171958__plate2_A01_7_1.tif,13,5194,0.7623624218126561,0.9380530973451328,2823,901.8646515209857,157.93586226788457,983.068012752391,805.1809363137917,1.2209280776728102
CSA_screen__screen_20250125_171958__plate2_A01_7_1.tif,14,7179,0.6418862759402846,0.934643926572061,3476,709.9024933834796,173.41523363726955,828.4315304948217,598.6394815014853,1.3838571562586892
CSA_screen__screen_20250125_171958__plate2_A01_7_1.tif,15,9411,0.8302315990381212,0.9489765049914288,3480,784.7687812134736,200.61321645097067,927.3063218390805,701.1352217164053,1.3225784315456295
CSA_screen__screen_20250125_171958__plate2_A01_7_1.tif,16,7667,0.5364795351960496,0.9684223822154857,3854,702.4334159384374,168.2798389035525,820.9382459782045,582.6543404143719,1.40896272289737
CSA_screen__screen_20250125_171958__plate2_A01_7_1.tif,17,8715,0.8748336182275482,0.8892857142857142,3481,645.5882960413081,145.09362273422184,736.5937948865269,585.0628582346197,1.2589994126599313
CSA_screen__screen_20250125_171958__plate2_A01_7_1.tif,18,6168,0.8007196571501257,0.959253499222395,4150,663.9683852140078,146.96033573065526,736.9689156626506,513.8434093161546,1.4342286040866832
CSA_screen__screen_20250125_171958__plate2_A01_7_1.tif,19,4516,0.5178162121915105,0.9406373672151636,3334,821.5152790079717,177.3596938863076,891.4535092981404,624.2445008460237,1.4280518420105819
CSA_screen__screen_20250125_171958__plate2_A01_7_1.tif,20,7524,0.7192515241321656,0.8952879581151832,2791,835.388091440723,251.03080173580562,1042.6925833034754,713.142826959645,1.4621090528931013
CSA_screen__screen_20250125_171958__plate2_A01_7_1.tif,21,12729,0.5848372648616919,0.9280402449693789,4468,782.6972268049336,236.94938523751446,1018.9805282005372,654.9023120687568,1.5559275168562186
CSA_screen__screen_20250125_171958__plate2_A01_7_1.tif,22,7323,0.720558321279305,0.9382447149263293,3087,770.2702444353407,196.69995442910135,910.4791059280856,668.0925401322002,1.3628038800551832
CSA_screen__screen_20250125_171958__plate2_A01_7_1.tif,23,7973,0.8427433577096304,0.9498451274720038,3422,665.7979430578201,151.58688980482657,769.0800701344243,588.1377719182598,1.3076529120481521
CSA_screen__screen_20250125_171958__plate2_A01_7_1.tif,24,7239,0.463792819106661,0.7900251009494706,3778,869.3720127089377,308.9029720841518,1063.8904182106935,657.0372724646056,1.6192238443641793
CSA_screen__screen_20250125_171958__plate2_A01_7_1.tif,25,6555,0.4914897487303946,0.9523463605985762,3481,721.4244088482075,169.49750624006074,823.4461361677679,605.89492517892,1.3590576549632023
CSA_screen__screen_20250125_171958__plate2_A01_7_1.tif,26,6674,0.6933398504593411,0.8643958036523767,3634,947.2199580461493,204.5440675309844,1068.5434782608695,802.1904605263157,1.3320321430396966
CSA_screen__screen_20250125_171958__plate2_A01_7_1.tif,27,6869,0.21831855072576203,0.7902669121030833,3184,901.1677100014558,244.69886086390184,1082.0,744.9207598371778,1.45250348538615
CSA_screen__screen_20250125_171958__plate2_A01_7_1.tif,28,7404,0.6724966562537571,0.9674637397099177,2916,723.3806050783361,169.39938608605686,861.2849794238683,633.7796345811051,1.3589660071566234
CSA_screen__screen_20250125_171958__plate2_A01_7_1.tif,29,8272,0.2966131470660989,0.8383500557413601,4535,832.4835589941973,241.9492488995152,976.2465270121279,658.02140754616,1.4836090677545994
CSA_screen__screen_20250125_171958__plate2_A01_7_1.tif,30,6791,0.7825913187343648,0.9059498399146211,3143,816.6000589014873,221.3955116425445,930.2344893413936,718.6962719298245,1.2943360438527838
CSA_screen__screen_20250125_171958__plate2_A01_7_1.tif,31,8691,0.7344982889519498,0.9383502483264954,3681,656.1265677137269,168.01768046128709,802.2157022548221,548.7904191616766,1.4617888254686988
CSA_screen__screen_20250125_171958__plate2_A01_7_1.tif,32,12753,0.7030382938803984,0.6836969924408942,3490,872.6487885203481,260.88870516804894,1131.7203438395416,775.0389722552089,1.4602108853267868
CSA_screen__screen_20250125_171958__plate2_A01_7_1.tif,33,14905,0.49782901984991057,0.6009838312971251,2990,739.0933914793693,183.81217131623606,899.3515050167224,698.8775493075955,1.2868513316928611
CSA_screen__screen_20250125_171958__plate2_A01_7_1.tif,34,6171,0.7003107100114283,0.9552631578947368,3266,621.9818505914762,117.05397246216356,671.9617268830374,565.7910499139415,1.1876499760560808
CSA_screen__screen_20250125_171958__plate2_A01_7_1.tif,35,7553,0.7695381393225051,0.9078125,3332,681.1943598570105,154.51875667504643,798.4102641056422,588.665719023928,1.3563050103027803
CSA_screen__screen_20250125_171958__plate2_A01_7_1.tif,36,5372,0.8365285014187558,0.9300554016620498,3334,586.3693224125093,121.53757073059388,641.2267546490701,496.6270853778214,1.291163477644883
CSA_screen__screen_20250125_171958__plate2_A01_7_1.tif,37,6449,0.4748411701536136,0.9677370948379351,2852,713.4430144208404,178.85722911197416,869.6679523141655,589.5749235474007,1.4750762245474742
CSA_screen__screen_20250125_171958__plate2_A01_7_1.tif,38,9271,0.7927066258123423,0.9164689600632661,3408,769.1101283572431,195.03197068411,943.1968896713615,667.9183012109842,1.4121441019976206
CSA_screen__screen_20250125_171958__plate2_A01_7_1.tif,39,8068,0.679469544780443,0.9560374451949283,3236,672.4572384729797,174.97664489216422,793.7323856613102,591.2390314569536,1.3424898280233035
CSA_screen__screen_20250125_171958__plate2_A01_7_1.tif,40,7433,0.8197971042539172,0.855252560119664,3553,862.2538678864523,222.7744076294341,1016.3636363636364,721.1322164948454,1.409399848066421
CSA_screen__screen_20250125_171958__plate2_A01_7_1.tif,41,6591,0.5961986966911458,0.9355571327182399,3496,952.3506296464876,235.10880074158388,1093.4859839816934,792.9292407108239,1.3790461088324029
CSA_screen__screen_20250125_171958__plate2_A01_7_1.tif,42,6038,0.7588944951368617,0.9616180920528746,3785,617.3025836369659,118.96514152861207,678.6391017173052,514.2583222370173,1.3196463185374103
CSA_screen__screen_20250125_171958__plate2_A01_7_1.tif,43,4088,0.6614747504755472,0.6073391769425048,1261,869.322651663405,202.47172220624878,986.0674068199842,817.2479660417404,1.206570646600571
CSA_screen__screen_20250125_171958__plate2_A01_7_1.tif,44,8125,0.5668078896847365,0.9332644153457386,3096,661.7623384615384,158.63898602242736,795.8294573643411,579.226685225691,1.3739516456398286
CSA_screen__screen_20250125_171958__plate2_A01_7_1.tif,45,7584,0.7807315042696747,0.9675937739219188,3592,615.7501318565401,135.6728317916856,690.8379732739421,548.186122244489,1.26022521410316
CSA_screen__screen_20250125_171958__plate2_A01_7_1.tif,46,6668,0.852761711204667,0.8855245683930942,3242,554.3615776844631,92.03382932532124,598.8522516964837,512.2603619381202,1.1690388251605996
CSA_screen__screen_20250125_171958__plate2_A01_7_1.tif,47,8958,0.7506666273387145,0.8976851387914621,3128,654.7752846617549,136.38479172604855,759.0159846547315,598.8464837049743,1.2674633738496923
CSA_screen__screen_20250125_171958__plate2_A01_7_1.tif,48,8255,0.6800115503639911,0.9087406428885954,2538,771.0149000605694,205.64070657818132,958.0386130811663,687.9877558159874,1.3925227665496536
CSA_screen__screen_20250125_171958__plate2_A01_7_1.tif,49,3063,0.7995268255935183,0.9148745519713262,2075,932.2448579823703,220.2477119928927,1028.8433734939758,729.3684210526316,1.4105948979928953
CSA_screen__screen_20250125_171958__plate2_A01_7_1.tif,50,8591,0.6711256579193191,0.9088120173489898,3278,726.9265510417879,212.01914122119965,900.9749847467968,619.5426312817617,1.454258253193625
CSA_screen__screen_20250125_171958__plate2_A01_7_1.tif,51,7433,0.7739885555217443,0.9353215049704291,3395,609.6074263419885,144.0527003388623,674.1911634756996,555.3078256562654,1.2140854717452203
CSA_screen__screen_20250125_171958__plate2_A01_7_1.tif,52,8012,0.7417426765199129,0.9699757869249395,3676,615.3104093859212,146.31016499174717,691.3356909684439,550.857241697417,1.2550178860100947
CSA_screen__screen_20250125_171958__plate2_A01_7_1.tif,53,8691,0.6457965973032529,0.8521423668987156,2850,746.6001610861811,169.5404801387595,891.2463157894737,676.0229412771786,1.318366968590864
CSA_screen__screen_20250125_171958__plate2_A01_7_1.tif,54,4696,0.7339744618296623,0.8375245229177813,2600,637.0204429301533,141.83741474883047,723.9142307692308,529.2323473282443,1.3678571130880621
CSA_screen__screen_20250125_171958__plate2_A01_7_1.tif,55,6492,0.8396583748761565,0.9436046511627907,3148,704.0679297597043,173.00364475118104,827.4923761118171,587.8776913875598,1.4075927497073377
CSA_screen__screen_20250125_171958__plate2_A01_7_1.tif,56,8529,0.7094759685087635,0.9642736009044658,3244,712.1491382342596,166.52368505035244,861.3782367447595,620.5504257332071,1.3880874156632863
CSA_screen__screen_20250125_171958__plate2_A01_7_1.tif,57,7732,0.7304264815221194,0.9420077972709552,3184,705.0928608380756,164.45930366370814,817.768216080402,626.2102022867194,1.3059004996951087
CSA_screen__screen_20250125_171958__plate2_A01_7_1.tif,58,4551,0.630894794712215,0.9395127993393889,3357,599.0925071412877,143.22639287665,638.9889782543938,486.9212730318258,1.3123045010453438
CSA_screen__screen_20250125_171958__plate2_A01_7_1.tif,59,7912,0.8184157054638668,0.9662921348314607,3150,669.6730283114257,146.9581481611369,768.9755555555555,603.9857202855943,1.273168437147729
CSA_screen__screen_20250125_171958__plate2_A01_7_1.tif,60,8052,0.852235288150824,0.9622370936902486,3444,731.9155489319423,171.9454622799563,869.6489547038327,628.9741753472222,1.3826465199843017
CSA_screen__screen_20250125_171958__plate2_A01_7_1.tif,61,7687,0.8356803541972386,0.9659462176426238,3770,675.9344347599844,149.76789507640964,791.3639257294429,564.836864947664,1.4010486475644046
CSA_screen__screen_20250125_171958__plate2_A01_7_1.tif,62,4834,0.7054053146478128,0.9095014111006585,2464,614.9180802647911,132.80365830441946,699.8104707792207,526.6586497890295,1.3287742849368427
CSA_screen__screen_20250125_171958__plate2_A01_7_1.tif,63,7542,0.43611514765592996,0.9769430051813471,3680,698.2604083797402,158.10101138462372,795.760597826087,605.354997410668,1.314535439915183
CSA_screen__screen_20250125_171958__plate2_A01_7_1.tif,64,8730,0.6398762595493116,0.8187189346337803,4157,875.5686139747995,233.4722486336273,1029.084195333173,736.0181500109337,1.3981777423802466
CSA_screen__screen_20250125_171958__plate2_A01_7_1.tif,65,10120,0.6759046124309304,0.9536373916321146,3420,779.0440711462451,216.8454710950033,953.6301169590644,689.9270149253731,1.3822188381219063
CSA_screen__screen_20250125_171958__plate2_A01_7_1.tif,66,4700,0.6475864314957076,0.9377494014365523,2656,618.7053191489362,130.94898541117945,689.1314006024096,527.1927592954991,1.3071715960653807
CSA_screen__screen_20250125_171958__plate2_A01_7_1.tif,67,6902,0.6684189984507227,0.8678486105871998,4022,824.0536076499566,250.68362288691785,966.6143709597216,624.9635416666666,1.5466732161398293
CSA_screen__screen_20250125_171958__plate2_A01_7_1.tif,68,2720,0.46329564384554445,0.7290270704904851,1832,803.2029411764706,183.67184009610907,889.8438864628821,624.4572072072073,1.4249877752914049
CSA_screen__screen_20250125_171958__plate2_A01_7_1.tif,69,3132,0.7858187829359154,0.8376571275742177,1478,728.2876756066411,203.51582304885065,866.9161028416779,604.4105199516324,1.4343167006938469
CSA_screen__screen_20250125_171958__plate2_A01_7_1.tif,70,3218,0.5302761912126179,0.9649175412293853,2581,883.7899316345556,190.04974161110175,950.685393258427,612.7425431711146,1.5515250309507862
CSA_screen__screen_20250125_171958__plate2_A01_7_1.tif,71,7886,0.8482380695862325,0.9635874877810362,2931,783.0063403499873,210.4797268263443,873.1972023200273,729.6563067608477,1.1967239839211403
CSA_screen__screen_20250125_171958__plate2_A01_7_1.tif,72,4742,0.8080502667204691,0.7438431372549019,1974,748.6815689582455,198.0412556065314,897.5602836879433,642.5086705202312,1.3969621343182808
CSA_screen__screen_20250125_171958__plate2_A01_7_1.tif,73,7898,0.7566931041934759,0.9473431690056375,3243,635.9629020005065,152.5431331178787,768.6012950971323,543.557679914071,1.4140197507992853
CSA_screen__screen_20250125_171958__plate2_A01_7_1.tif,74,4964,0.2664264946410219,0.9213066072754269,3213,505.40088638195004,105.44998187624034,538.7836912542795,444.1450599657339,1.2130804546060854
CSA_screen__screen_20250125_171958__plate2_A01_7_1.tif,75,6015,0.8670804158338914,0.9268104776579353,2973,596.9486284289277,140.32677877817352,662.7584931046082,532.6314924391847,1.2443096259094766
CSA_screen__screen_20250125_171958__plate2_A01_7_1.tif,76,5078,0.7209373982324893,0.9386321626617375,1738,793.4076408034659,254.30131025402815,987.4194476409666,692.4517964071856,1.4259757181138568
CSA_screen__screen_20250125_171958__plate2_A01_7_1.tif,77,4749,0.7325878440864376,0.854136690647482,3349,1036.6582438408086,338.5245481884678,1204.4443117348462,635.29,1.895896852988157
CSA_screen__screen_20250125_171958__plate2_A01_7_1.tif,78,6353,0.6887226402083036,0.9200579290369297,3144,586.2863214229498,145.87300775078833,642.2821246819339,531.4247429105641,1.2086041029332095
CSA_screen__screen_20250125_171958__plate2_A01_7_1.tif,79,7953,0.8738091384755057,0.8984410302756439,3340,794.6608826857789,208.81410179532512,935.075748502994,692.9947973119445,1.3493257844504123
CSA_screen__screen_20250125_171958__plate2_A01_7_1.tif,80,2801,0.8085573716918253,0.919264850672793,1354,781.200642627633,271.0344730006608,970.3833087149187,604.1769177608846,1.6061244317495886
CSA_screen__screen_20250125_171958__plate2_A01_7_1.tif,81,7148,0.35265118324659156,0.8545128511655709,3263,629.2249580302182,130.6560435502796,707.5268158136683,563.4594594594595,1.2556836236140507
CSA_screen__screen_20250125_171958__plate2_A01_7_1.tif,82,3831,0.8157350574332826,0.8326450771571398,2346,809.1106760636909,210.9274921922294,934.2148337595908,611.4713804713805,1.527814487473492
CSA_screen__screen_20250125_171958__plate2_A01_7_1.tif,83,6946,0.8377826577578412,0.9327245870820464,2764,695.9506190613303,160.86086348232442,807.531476121563,622.2037302725969,1.2978570150451705
CSA_screen__screen_20250125_171958__plate2_A01_7_1.tif,84,5182,0.8026754395987302,0.7901799329063739,2376,629.3496719413354,142.18191960353585,702.9882154882155,566.9957234497506,1.2398474740004226
CSA_screen__screen_20250125_171958__plate2_A01_7_1.tif,85,7041,0.7281550340870344,0.9400534045393858,3026,626.3241016901009,150.03097554524146,720.686384666226,555.2057285180573,1.298052861575953
CSA_screen__screen_20250125_171958__plate2_A01_7_1.tif,86,6014,0.6994853447513985,0.9613171355498721,2369,714.1263717991353,156.8426034415141,840.043056141832,632.2891632373114,1.32857417932141
CSA_screen__screen_20250125_171958__plate2_A01_7_1.tif,87,8431,0.9001462020463322,0.7601659002795059,2940,624.1928596844976,144.30330395051473,698.3591836734694,584.4826079038427,1.1948331297282353
CSA_screen__screen_20250125_171958__plate2_A01_7_1.tif,88,9200,0.7483361803429763,0.8930304795185401,2600,714.3709782608696,156.19116243551056,830.8003846153846,668.5048484848485,1.242773910314002
CSA_screen__screen_20250125_171958__plate2_A01_7_1.tif,89,11700,0.49333786930447715,0.7387762833870051,2478,880.2800854700855,236.06118270372167,1109.995560936239,818.5543266102798,1.356043850544225
CSA_screen__screen_20250125_171958__plate2_A01_7_1.tif,90,6654,0.6571454279131842,0.9443655975021289,3473,560.3736098587316,106.37698812114846,612.0014396775123,504.00660169757936,1.2142726655091185
CSA_screen__screen_20250125_171958__plate2_A01_7_1.tif,91,7479,0.4988195656403613,0.9532245730308437,3565,695.2855996791014,165.6312724278895,801.8412342215988,598.231221257026,1.340353371288011
CSA_screen__screen_20250125_171958__plate2_A01_7_1.tif,92,4896,0.7960000247756459,0.9470019342359768,3022,550.1092728758169,139.06796175219222,603.0519523494374,464.7342582710779,1.2976274970408557
CSA_screen__screen_20250125_171958__plate2_A01_7_1.tif,93,4905,0.7505478267227761,0.9316239316239316,2928,528.1184505606524,80.58778231566771,550.1704234972677,495.4587759231158,1.110426235708946
CSA_screen__screen_20250125_171958__plate2_A01_7_1.tif,94,5497,0.6281189575795801,0.8521159510153464,2358,693.8004366017827,158.27169727426798,807.7565733672604,608.1971965594138,1.3281162391684127
CSA_screen__screen_20250125_171958__plate2_A01_7_1.tif,95,4977,0.6869210442233844,0.8461407684461068,1873,718.231866586297,193.9091228530774,888.515216230646,615.4803479381443,1.4436126501961712
CSA_screen__screen_20250125_171958__plate2_A01_7_1.tif,96,6080,0.594333738009146,0.9432206019236736,2918,537.4424342105264,71.86693644925276,556.8358464701851,519.5455407969639,1.0717748546470425
CSA_screen__screen_20250125_171958__plate2_A01_7_1.tif,97,6585,0.8786997139714698,0.7870204374327716,2932,802.338344722855,192.86977606419313,907.6296043656207,717.8286339994524,1.2644098624328672
CSA_screen__screen_20250125_171958__plate2_A01_7_1.tif,98,6132,0.723021507638031,0.961128526645768,2596,676.6974885844749,174.99319800466597,812.4714946070878,577.0172511312218,1.4080540798637586
CSA_screen__screen_20250125_171958__plate2_A01_7_1.tif,99,8899,0.8701175225551967,0.9209355272689641,2890,792.9256096190584,222.94966563167992,963.0730103806228,711.0940256282244,1.3543539611794442
CSA_screen__screen_20250125_171958__plate2_A01_7_1.tif,100,2958,0.6203783189643194,0.9146567717996289,1907,644.0564570655848,145.9354516277956,718.5296276874673,508.9276879162702,1.4118501404971333
CSA_screen__screen_20250125_171958__plate2_A01_7_1.tif,101,5041,0.36053698456431027,0.9563650161259724,2824,788.637175163658,190.77719046100162,905.9925637393768,639.1506540369869,1.4174945421974772
CSA_screen__screen_20250125_171958__plate2_A01_7_1.tif,102,5780,0.7057972692015811,0.9577464788732394,2490,706.1373702422145,166.611377239402,842.808032128514,602.6996960486322,1.3983880158793167
CSA_screen__screen_20250125_171958__plate2_A01_7_1.tif,103,4421,0.3932071246635327,0.8668627450980392,2567,752.1058584030762,210.00333064552532,868.3213868328788,591.1968716289105,1.4687516604078332
CSA_screen__screen_20250125_171958__plate2_A01_7_1.tif,104,4821,0.8309715528873017,0.9034857571214393,2628,603.0985272764987,128.89441337273806,673.2477168949772,519.0346557227542,1.2971151530478862
CSA_screen__screen_20250125_171958__plate2_A01_7_1.tif,105,5682,0.8519015169093431,0.9326986211424819,2604,578.7588877155931,99.37320961855215,641.057603686636,526.0539311241066,1.2186157459498153
CSA_screen__screen_20250125_171958__plate2_A01_7_1.tif,106,3143,0.9107278251643323,0.7039193729003359,1831,886.9274578428253,130.1501390290229,930.4964500273074,826.123475609756,1.126340647008626
CSA_screen__screen_20250125_171958__plate2_A01_7_1.tif,107,5016,0.8583903681115433,0.9651722147392726,3219,613.3359250398724,115.16512914486967,668.7812985399192,514.0155815247635,1.3010914893981664
CSA_screen__screen_20250125_171958__plate2_A01_7_1.tif,108,4312,0.723407129817639,0.9618559000669195,2981,539.181586270872,111.03584933338826,576.5313653136532,455.5304282494365,1.2656264643598292
CSA_screen__screen_20250125_171958__plate2_A01_7_1.tif,109,7040,0.7849663948779405,0.9699641774593551,2870,685.806534090909,129.58409678322352,783.0533101045296,618.8764988009592,1.2652820257703343
CSA_screen__screen_20250125_171958__plate2_A01_7_1.tif,110,11034,0.7799228210549977,0.9042779872152106,2583,742.7936378466558,176.78888759477013,918.0770421989935,689.2192639924269,1.3320536586294274
CSA_screen__screen_20250125_171958__plate2_A01_7_1.tif,111,3749,0.5416534371681455,0.9493542669030134,2545,950.2758068818351,213.78128714766328,1044.0998035363457,751.9518272425249,1.3885195377011765
CSA_screen__screen_20250125_171958__plate2_A01_7_1.tif,112,7097,0.8563859315422233,0.94,2464,733.5781316049034,223.8091794655061,907.1473214285714,641.2676451543276,1.4146157665731867
CSA_screen__screen_20250125_171958__plate2_A01_7_1.tif,113,7692,0.8095394463803133,0.9142992987043861,2857,680.8416536661466,118.3148278255132,748.745187259363,640.7174767321613,1.1686042826210599
CSA_screen__screen_20250125_171958__plate2_A01_7_1.tif,114,8931,0.8355995541694774,0.8415151229624046,2750,865.715709327063,262.98886373016745,1137.3974545454546,744.8412878175053,1.5270333064889523
CSA_screen__screen_20250125_171958__plate2_A01_7_1.tif,115,4256,0.572822229541361,0.9644232948107863,2468,763.8660714285714,201.856903539975,884.47528363047,597.3875838926175,1.4805719226154146
CSA_screen__screen_20250125_171958__plate2_A01_7_1.tif,116,4739,0.5033119026825043,0.9430845771144278,2271,721.8725469508335,200.3931507295811,841.1431087626596,612.1223662884927,1.374142091658565
CSA_screen__screen_20250125_171958__plate2_A01_7_1.tif,117,6872,0.9047991252527545,0.878772378516624,2511,743.0595168800932,208.17543080517237,902.2835523695738,651.3806466406787,1.3851863069970833
CSA_screen__screen_20250125_171958__plate2_A01_7_1.tif,118,7304,0.6145870446088275,0.9488178747726682,2379,790.7086527929902,216.45175063346653,903.0622110130307,736.4367512690355,1.226259022864984
CSA_screen__screen_20250125_171958__plate2_A01_7_1.tif,119,15529,0.757715230648852,0.6078838174273858,3372,823.8817051967287,198.20606838983161,969.9997034400949,783.3528008554742,1.2382667201557072
CSA_screen__screen_20250125_171958__plate2_A01_7_1.tif,120,4254,0.5519835652125882,0.9527435610302352,3000,770.2545839210155,141.49313187251522,827.6696666666667,632.8979266347687,1.307745896826577
CSA_screen__screen_20250125_171958__plate2_A01_7_1.tif,121,3179,0.7002420746267743,0.9303482587064676,1988,530.4800251651462,96.56013106924667,568.9567404426559,466.25524769101594,1.2202688189789546
CSA_screen__screen_20250125_171958__plate2_A01_7_1.tif,122,5503,0.6991382035290457,0.8551670551670552,1611,688.7775758677085,164.09429049086214,833.1769087523278,629.006937307297,1.3245909692491753
CSA_screen__screen_20250125_171958__plate2_A01_7_1.tif,123,6511,0.7492648647370443,0.799680668140506,1717,671.6922131776993,173.09904817315748,815.4973791496797,620.1875260742595,1.31492064071607
CSA_screen__screen_20250125_171958__plate2_A01_7_1.tif,124,8186,0.7532650808630118,0.9221583868424017,3047,804.7653310530173,227.16677837931508,981.0082047915982,700.2679509632225,1.4009040445763883
CSA_screen__screen_20250125_171958__plate2_A01_7_1.tif,125,9049,0.43141699392578176,0.8913514578408196,3083,850.3772792573765,239.80219635569588,1012.1196886149854,766.7950050284948,1.319935161259135
CSA_screen__screen_20250125_171958__plate2_A01_7_1.tif,126,4042,0.4852545590375284,0.9544273907910271,2448,729.619990103909,164.3774998905329,816.4832516339869,596.2189460476787,1.3694352671052052
CSA_screen__screen_20250125_171958__plate2_A01_7_1.tif,127,4927,0.8408726021440157,0.9475,1727,749.7984574791963,175.62531665644116,873.8604516502605,682.84375,1.2797370579290805
CSA_screen__screen_20250125_171958__plate2_A01_7_1.tif,128,7380,0.7495575832311511,0.9099876695437731,2892,655.3134146341464,138.81591506499586,758.0297372060858,589.1245543672014,1.286705386130631
CSA_screen__screen_20250125_171958__plate2_A01_7_1.tif,129,5697,0.7548759336478703,0.9248376623376623,2804,731.3810777602247,175.92073873093173,792.8741084165478,671.7798133425509,1.180258907262295
CSA_screen__screen_20250125_171958__plate2_A01_7_1.tif,130,3244,0.3656241669280525,0.9884216940889702,2031,811.4250924784217,201.79606056827043,919.6656819300837,630.1912613355317,1.4593437553879813
CSA_screen__screen_20250125_171958__plate2_A01_7_1.tif,131,4899,0.7792719252080949,0.9354592323849532,3000,849.1212492345377,258.27323889114575,999.4786666666666,611.5897840968931,1.634230480390629
CSA_screen__screen_20250125_171958__plate2_A01_7_1.tif,132,2807,0.6398209479339666,0.9807826694619147,2224,902.9864624153901,175.15191582721857,966.6708633093525,660.0463121783877,1.4645500557665336
CSA_screen__screen_20250125_171958__plate2_A01_7_1.tif,133,5722,0.921935447968989,0.7558784676354029,2029,893.8393918210415,241.80129523139982,1063.7392804337112,800.4933658272407,1.3288545862393608
CSA_screen__screen_20250125_171958__plate2_A01_7_1.tif,134,4225,0.40653065696512963,0.95200540784137,2195,671.5001183431953,159.36709455966235,791.2036446469249,542.0669950738916,1.4596049046282045
CSA_screen__screen_20250125_171958__plate2_A01_7_1.tif,135,3976,0.591436649461035,0.961082910321489,1729,831.6531690140845,227.42439582179182,1029.9676113360324,679.0560747663551,1.5167637101110045
CSA_screen__screen_20250125_171958__plate2_A01_7_1.tif,136,4165,0.7401640293721644,0.9317673378076062,2312,914.5635054021609,312.18680822541023,1135.5709342560554,638.8111171073934,1.7776317660187955
CSA_screen__screen_20250125_171958__plate2_A01_7_1.tif,137,7318,0.828303005427524,0.9627680568346271,3039,735.1145121617928,190.1359656626847,890.9516288252714,624.4370179948586,1.4268078335365557
CSA_screen__screen_20250125_171958__plate2_A01_7_1.tif,138,8049,0.8366224743106402,0.8856734154929577,2124,680.9310473350727,219.77659534458772,764.9571563088513,650.8092827004219,1.1753937392146472
CSA_screen__screen_20250125_171958__plate2_A01_7_1.tif,139,3788,0.9253451468468724,0.8558517849073656,2589,987.2122492080254,124.2126303881798,1012.4364619544226,932.7456213511259,1.085436842349215
CSA_screen__screen_20250125_171958__plate2_A01_7_1.tif,140,5188,0.748809669738267,0.8450887766737254,3051,885.8311488049345,204.63364225293603,994.2559816453622,731.0327562002808,1.3600703569197743
CSA_screen__screen_20250125_171958__plate2_A01_7_1.tif,141,3225,0.8174384550820041,0.9598214285714286,1626,667.3572093023256,107.96064814922683,726.7785977859778,606.9324577861163,1.1974620708818566
CSA_screen__screen_20250125_171958__plate2_A01_7_1.tif,142,5050,0.5601086015672281,0.8437761069340016,1627,701.610099009901,187.26040389870738,870.5728334357714,621.2997370727433,1.4012122997789755
CSA_screen__screen_20250125_171958__plate2_A01_7_1.tif,143,6268,0.8606982696230526,0.9537431527693244,2754,685.8457243139758,162.52231294230955,822.0330428467684,579.1126920887878,1.419469913328608
CSA_screen__screen_20250125_171958__plate2_A01_7_1.tif,144,3943,0.7400606804356532,0.9687960687960688,2921,411.11311184377377,120.53990844867535,453.3276275248203,290.458904109589,1.5607289744293105
CSA_screen__screen_20250125_171958__plate2_A01_7_1.tif,145,7142,0.823212133506522,0.9386253121303719,2320,685.4591150938113,181.98891662548567,819.071551724138,621.1744089589382,1.3185854727931676
CSA_screen__screen_20250125_171958__plate2_A01_7_1.tif,146,7746,0.7242092663436372,0.9590194379101151,2674,698.4941905499612,149.0874774786498,816.030291697831,636.5281940063091,1.282001801933918
CSA_screen__screen_20250125_171958__plate2_A01_7_1.tif,147,3187,0.3295125925345624,0.9381807477185752,1908,718.7367430185127,167.11016916214166,822.3380503144654,564.1853010164191,1.4575673078206153
CSA_screen__screen_20250125_171958__plate2_A01_7_1.tif,148,6843,0.9027627947827805,0.9292504073872895,3203,666.141166155195,155.5396378170712,777.7667811426787,567.9167582417582,1.3695084180128891
CSA_screen__screen_20250125_171958__plate2_A01_7_1.tif,149,7557,0.9210473769107967,0.6610970168839122,1343,837.2542014026731,282.03924102175716,1120.6500372300818,776.0053105889926,1.4441267629721526
CSA_screen__screen_20250125_171958__plate2_A01_7_1.tif,150,10091,0.7031308926452856,0.9315915805022157,3596,747.4015459320186,199.03722904228343,879.5439377085651,674.2400307929177,1.3044967630803626
CSA_screen__screen_20250125_171958__plate2_A01_7_1.tif,151,5558,0.8849737861170927,0.8649237472766884,1853,656.9357682619648,129.01297043317356,760.0032379924447,605.3881241565452,1.2553983265715964
CSA_screen__screen_20250125_171958__plate2_A01_7_1.tif,152,6011,0.8957517114535227,0.9411304211679975,2920,693.0600565629679,131.17186352516904,748.2068493150684,640.9640892914914,1.167314771319125
CSA_screen__screen_20250125_171958__plate2_A01_7_1.tif,153,2820,0.6297561811170798,0.9478991596638655,1093,810.3978723404256,305.5081417512864,1092.7767612076852,631.6832657788071,1.7299441356268832
CSA_screen__screen_20250125_171958__plate2_A01_7_1.tif,154,2597,0.5286601263375817,0.9643520237653175,1585,614.618020793223,95.97184053981002,655.1905362776025,551.0731225296443,1.1889357500689166
CSA_screen__screen_20250125_171958__plate2_A01_7_1.tif,155,5814,0.6775248880597088,0.8831839586814523,2745,628.4167526659787,112.61495995999947,699.3431693989071,564.9781687846204,1.2378233497116045
CSA_screen__screen_20250125_171958__plate2_A01_7_1.tif,156,6676,0.8287051245980361,0.5979935506986743,1296,784.1990713001798,198.71895242844943,921.6118827160494,751.0973977695168,1.2270204709174841
CSA_screen__screen_20250125_171958__plate2_A01_7_1.tif,157,4338,0.8594064757925862,0.9523600439077936,1513,644.1738128169663,111.36630911205205,717.8777263714475,604.6998230088495,1.1871637778880937
CSA_screen__screen_20250125_171958__plate2_A01_7_1.tif,158,4821,0.7077419050434992,0.7564726188608191,1799,884.2151006015349,262.32348276937375,1079.963868816009,767.6856386499007,1.4067787834552954
CSA_screen__screen_20250125_171958__plate2_A01_7_1.tif,159,1438,0.6373449855249959,0.952317880794702,1097,865.4951321279555,192.9832904516606,953.5414767547858,582.2492668621701,1.637686006705626
CSA_screen__screen_20250125_171958__plate2_A01_7_1.tif,160,4724,0.502004862361661,0.8836513280957725,1655,666.8408128704488,179.2251127601201,813.0628398791541,587.988595633757,1.3827867511661571
CSA_screen__screen_20250125_171958__plate2_A01_7_1.tif,161,5225,0.7999032816289848,0.8408432571612487,2632,724.3934928229666,204.99394085047453,846.8598024316109,600.0852294639413,1.411232539731255
CSA_screen__screen_20250125_171958__plate2_A01_7_1.tif,162,3337,0.7510541674247756,0.9458616780045351,1684,978.6679652382379,304.38491854089375,1188.793942992874,764.6013309134906,1.5547892672022798
CSA_screen__screen_20250125_171958__plate2_A01_7_1.tif,163,4110,0.7769785324484745,0.966376675288032,1090,716.9486618004867,216.44094296739036,933.5871559633027,638.7579470198675,1.4615664044869645
CSA_screen__screen_20250125_171958__plate2_A01_7_1.tif,164,7055,0.7680278658450694,0.6795415141591216,2380,840.9576187101346,228.6908033423727,994.7794117647059,762.6483422459893,1.3043749742313655
CSA_screen__screen_20250125_171958__plate2_A01_7_1.tif,165,6010,0.730406108463344,0.9674822923374115,2368,923.308319467554,252.47178181528088,1105.8015202702702,804.6526633717738,1.374259442125722
CSA_screen__screen_20250125_171958__plate2_A01_7_1.tif,166,1177,0.820014895066816,0.5675024108003858,827,989.499575191164,168.09058692230244,1064.2684401451029,812.8314285714285,1.309334755935288
CSA_screen__screen_20250125_171958__plate2_A01_7_1.tif,167,2467,0.6872210932795095,0.962919594067135,1295,794.1641670044588,181.48888631048732,914.0563706563706,661.6894197952219,1.381397893500021
CSA_screen__screen_20250125_171958__plate2_A01_7_1.tif,168,7269,0.8073698190192823,0.9233993902439024,3233,653.9887192185995,150.07662970174698,750.7510052582741,576.4781962338949,1.3023059851402798
CSA_screen__screen_20250125_171958__plate2_A01_7_1.tif,169,2698,0.8656538304222292,0.8963455149501661,996,659.70719051149,109.34411693487169,731.6987951807229,617.578143360752,1.1847873877125026
CSA_screen__screen_20250125_171958__plate2_A01_7_1.tif,170,4942,0.7367193565464796,0.9429498187368823,2873,763.498785916633,164.25249135761203,859.1500174034111,630.6781053649106,1.3622639030830261
CSA_screen__screen_20250125_171958__plate2_A01_7_1.tif,171,8893,0.2971027502685722,0.8037780187997108,2362,782.3994152704374,218.53231625101046,1003.8255715495343,702.3184810901853,1.4293025152795775
CSA_screen__screen_20250125_171958__plate2_A01_7_1.tif,172,3199,0.6152518046780491,0.941713276420371,2111,912.7955611128477,288.7059573699016,1058.6432970156325,629.8134191176471,1.6808839965632447
CSA_screen__screen_20250125_171958__plate2_A01_7_1.tif,173,6076,0.29847553493476847,0.9707621025722959,2498,727.3787030941409,174.63417967010002,851.9623698959167,640.3999441028508,1.3303598442524038
CSA_screen__screen_20250125_171958__plate2_A01_7_1.tif,174,4551,0.48181322952213385,0.9400950216897336,2412,929.3082838936498,212.72711594328348,1035.4892205638475,809.575502571295,1.2790520677503547
CSA_screen__screen_20250125_171958__plate2_A01_7_1.tif,175,5847,0.7908295710275415,0.8030490317264112,2052,733.7518385496836,257.9316616390689,891.296783625731,648.5654808959157,1.3742587446906842
CSA_screen__screen_20250125_171958__plate2_A01_7_1.tif,176,7337,0.25265084556434897,0.9685808580858086,2453,685.4783971650538,164.88196711917618,820.1402364451692,617.8441850941851,1.3274224411776987
CSA_screen__screen_20250125_171958__plate2_A01_7_1.tif,177,3287,0.941047853357755,0.6686330349877949,1391,808.9114694250076,182.76881984694603,939.3637670740475,713.2051687763714,1.3171017376187708
CSA_screen__screen_20250125_171958__plate2_A01_7_1.tif,178,2491,0.6296761582699283,0.931214953271028,1397,897.1926936973103,254.01964753856805,1075.5576234788832,669.4268738574041,1.6066842630342173
CSA_screen__screen_20250125_171958__plate2_A01_7_1.tif,179,2987,0.7442336307326429,0.9458518049398353,1881,842.7341814529628,194.87903499154177,912.8782562466773,723.4385171790235,1.261860178258624
CSA_screen__screen_20250125_171958__plate2_A01_7_1.tif,180,3373,0.36178892805533,0.9213329691341163,1816,595.7094574562703,118.06841904899493,665.1167400881058,514.7565831727682,1.2920995317603778
CSA_screen__screen_20250125_171958__plate2_A01_7_1.tif,181,4466,0.7932164958845874,0.8891100935695799,1965,806.9207344379759,221.41859024207918,935.5078880407125,705.891643342663,1.325285398776971
CSA_screen__screen_20250125_171958__plate2_A01_7_1.tif,182,7428,0.7630615967966957,0.9460010188487009,2639,776.5516962843295,241.9617446711489,973.7881773399015,667.8636458550845,1.458064356973845
CSA_screen__screen_20250125_171958__plate2_A01_7_1.tif,183,3113,0.555301868272631,0.9817092399873857,1976,921.3080629617732,252.0768227425201,1027.5622469635628,736.6481970096746,1.3949158514672473
CSA_screen__screen_20250125_171958__plate2_A01_7_1.tif,184,3848,0.7891761310329222,0.932622394571013,2409,1028.5444386694387,266.64938611330376,1171.1685346616853,789.780403057679,1.4829040200636034
CSA_screen__screen_20250125_171958__plate2_A01_7_1.tif,185,5899,0.8569629828846265,0.9642039882314482,2851,585.6268859128666,125.09179797646858,648.9252893721501,526.4196194225722,1.232714863636644
CSA_screen__screen_20250125_171958__plate2_A01_7_1.tif,186,6488,0.8145819246122623,0.924348197748967,2324,701.7401356350185,214.82316225253481,865.1506024096385,610.537944284342,1.4170300314810858
CSA_screen__screen_20250125_171958__plate2_A01_7_1.tif,187,2568,0.7416213387287417,0.9201003224650662,1558,1091.2858255451713,445.7247948662789,1364.084082156611,670.4742574257426,2.0345062723123086
CSA_screen__screen_20250125_171958__plate2_A01_7_1.tif,188,4406,0.7744170653083089,0.6860791030831517,1366,655.1797548797094,158.50173703541705,792.3814055636896,593.5292763157895,1.3350333963005727
CSA_screen__screen_20250125_171958__plate2_A01_7_1.tif,189,6458,0.8347596708182766,0.8135550516502897,3245,724.6265097553422,198.33246498729318,851.0631741140215,596.9305944600062,1.4257322074166898
CSA_screen__screen_20250125_171958__plate2_A01_7_1.tif,190,2171,0.7726058374046322,0.9390138408304498,1254,583.7784431137725,87.93776962774113,627.9106858054226,523.4274809160305,1.199613525653143
CSA_screen__screen_20250125_171958__plate2_A01_7_1.tif,191,2705,0.5507326252203594,0.9311531841652324,1293,686.6502772643253,183.86976139177133,816.8391337973704,567.4334277620396,1.4395329810212067
CSA_screen__screen_20250125_171958__plate2_A01_7_1.tif,192,3771,0.682603120611252,0.7635148815549706,2080,948.3426146910634,208.81801271645594,1024.5673076923076,854.5830869308102,1.1989089456146234
CSA_screen__screen_20250125_171958__plate2_A01_7_1.tif,193,5010,0.7842870601960553,0.9415523397857546,2672,541.8345309381237,119.14709021631838,587.7451347305389,489.36526946107784,1.2010356504821105
CSA_screen__screen_20250125_171958__plate2_A01_7_1.tif,194,13880,0.6884656547264324,0.7404246239197696,2225,774.4937319884726,229.46902835703395,944.807191011236,741.9800085800085,1.273359362901698
CSA_screen__screen_20250125_171958__plate2_A01_7_1.tif,195,3250,0.6913559988437133,0.7321468799279117,1335,1009.6778461538462,240.17391884595315,1145.7161048689138,914.8417754569191,1.2523653112547075
CSA_screen__screen_20250125_171958__plate2_A01_7_1.tif,196,5199,0.8454012453475745,0.9214817440623893,2384,635.2177341796499,154.06888740665985,752.7562919463087,535.6753108348134,1.4052473144098976
CSA_screen__screen_20250125_171958__plate2_A01_7_1.tif,197,4432,0.310582394762247,0.8921095008051529,1377,689.4217057761733,164.09523355377712,856.3333333333334,614.1885433715221,1.394251557726205
CSA_screen__screen_20250125_171958__plate2_A01_7_1.tif,198,5088,0.732781086766564,0.7674208144796381,1567,730.5267295597484,186.02871196529782,894.4148053605616,657.5893212155638,1.3601419252174325
CSA_screen__screen_20250125_171958__plate2_A01_7_1.tif,199,6089,0.8812372674666561,0.8280973752209982,2250,841.8441451798325,276.68902829056964,1078.9817777777778,702.8601198228705,1.535130173625009
CSA_screen__screen_20250125_171958__plate2_A01_7_1.tif,200,2132,0.7653951481840208,0.8712709440130773,1034,657.3400562851782,156.36548334106422,769.7969052224371,551.4380692167578,1.3959807060760752
CSA_screen__screen_20250125_171958__plate2_A01_7_1.tif,201,4028,0.40857876738390314,0.8162107396149949,1534,598.5278053624628,123.19695025279128,653.5514993481095,564.6840417000802,1.1573755429327846
CSA_screen__screen_20250125_171958__plate2_A01_7_1.tif,202,6638,0.5925006512592016,0.841318124207858,2018,688.0482072913528,157.8658066891401,819.7205153617443,630.5341991341992,1.3000413244631635
CSA_screen__screen_20250125_171958__plate2_A01_7_1.tif,203,4443,0.647414427755085,0.9320327249842668,2242,629.8426738690074,125.75620196949028,694.9750223015164,563.4970467969105,1.2333250480228193
CSA_screen__screen_20250125_171958__plate2_A01_7_1.tif,204,6709,0.44270220251270687,0.9437332958221972,2547,621.1435385303324,122.75257059053583,730.8347074990185,554.0163382988948,1.3191573189755448
CSA_screen__screen_20250125_171958__plate2_A01_7_1.tif,205,6965,0.7212335169049569,0.937668282175552,2846,726.9229002153626,204.82323217586548,866.3692902319044,630.5731973780044,1.3739392886255986
CSA_screen__screen_20250125_171958__plate2_A01_7_1.tif,206,3045,0.6247294831970925,0.9430164137503871,1620,662.4111658456486,130.58888877710777,748.3407407407408,564.7228070175439,1.3251470127316685
CSA_screen__screen_20250125_171958__plate2_A01_7_1.tif,207,8236,0.7888132347567434,0.9545665275846082,2818,735.9369839728023,175.1980196165116,889.0546486870121,656.2977113325951,1.3546514536547907
CSA_screen__screen_20250125_171958__plate2_A01_7_1.tif,208,3114,0.8087114903603349,0.9405013591060103,1159,669.7848426461143,145.6313209637818,802.7195858498706,590.9759590792839,1.3582948231946261
CSA_screen__screen_20250125_171958__plate2_A01_7_1.tif,209,628,0.9697614581747007,0.9035971223021583,543,872.453821656051,135.2235802564385,907.609576427256,647.8705882352941,1.400911837809235
CSA_screen__screen_20250125_171958__plate2_A01_7_1.tif,210,5167,0.6337270760211878,0.9717886025954485,3107,594.490226437004,147.31557522074684,653.468619246862,505.5359223300971,1.292625489866119
CSA_screen__screen_20250125_171958__plate2_A01_7_1.tif,211,6502,0.868912302039678,0.9267388825541619,2443,700.6198092894494,180.94256791453788,808.3999181334425,635.749938408475,1.2715690073949144
CSA_screen__screen_20250125_171958__plate2_A01_7_1.tif,212,3057,0.690571128308341,0.8575035063113604,1419,702.3091265947007,154.34591154498904,817.8738548273432,602.1953601953602,1.3581536971025714
CSA_screen__screen_20250125_171958__plate2_A01_7_1.tif,213,4590,0.8188724365867596,0.9376915219611849,1810,591.058605664488,117.32737956065495,663.5475138121546,543.8625899280576,1.2200646378342166
CSA_screen__screen_20250125_171958__plate2_A01_7_1.tif,214,2310,0.5917149883288846,0.9593023255813954,1426,627.1961038961039,102.99172447092873,683.2987377279103,536.6957013574661,1.2731585812959574
CSA_screen__screen_20250125_171958__plate2_A01_7_1.tif,215,3880,0.7720349668908703,0.8477168450950404,2120,880.7904639175258,254.28050539616095,975.2858490566038,766.9664772727273,1.2716147028024534
CSA_screen__screen_20250125_171958__plate2_A01_7_1.tif,216,5997,0.8136299245407266,0.9267501159017153,2230,774.2484575621144,214.47433005412285,929.1278026905829,682.5625165914521,1.3612347295752727
CSA_screen__screen_20250125_171958__plate2_A01_7_1.tif,217,2578,0.5730625191237563,0.948142699521883,1159,838.8646237393328,196.13094270131108,955.3848144952545,743.6941508104298,1.284647476995937
CSA_screen__screen_20250125_171958__plate2_A01_7_1.tif,218,2572,0.6857371233520835,0.9632958801498127,1269,662.7204510108864,135.789575118411,760.5823483057526,567.4121258633921,1.3404407724780758
CSA_screen__screen_20250125_171958__plate2_A01_7_1.tif,219,3101,0.6189175526815535,0.8618677042801557,2214,561.2618510158013,110.91870957807228,599.7249322493225,465.2559188275085,1.2890216072063938
CSA_screen__screen_20250125_171958__plate2_A01_7_1.tif,220,4019,0.6571603276604634,0.9481009672092474,2244,881.7551629758647,293.490675458916,1054.0855614973261,663.8907042253521,1.5877396004923208
CSA_screen__screen_20250125_171958__plate2_A01_7_1.tif,221,5705,0.8621904620809983,0.9373973052908314,2031,740.0238387379492,185.61198337187528,897.3845396356475,653.034295046271,1.3741767414712314
CSA_screen__screen_20250125_171958__plate2_A01_7_1.tif,222,4855,0.9131430172734336,0.9046021986212036,2823,688.7911431513903,169.7580432498672,793.4190577399929,543.4345472440945,1.460008499208669
CSA_screen__screen_20250125_171958__plate2_A01_7_1.tif,223,3741,0.8295613382889488,0.8139686684073107,1415,593.8115477145149,99.14425097961659,656.3314487632509,555.7781599312124,1.180923426074324
CSA_screen__screen_20250125_171958__plate2_A01_7_1.tif,224,4077,0.8386900964931858,0.8477854023705552,1552,646.0051508462104,160.47942100182274,751.3936855670103,581.2277227722773,1.2927698664872587
CSA_screen__screen_20250125_171958__plate2_A01_7_1.tif,225,3414,0.34898182279013296,0.9720956719817767,1667,584.8913298183949,108.89475993575321,622.4289142171566,549.0726960503721,1.1336001930062367
CSA_screen__screen_20250125_171958__plate2_A01_7_1.tif,226,4504,0.8938863298421452,0.8805474095796676,2594,933.0053285968029,241.89956055379184,1086.239398612182,724.8958115183246,1.4984765829133542
CSA_screen__screen_20250125_171958__plate2_A01_7_1.tif,227,3695,0.4107784917860918,0.8227566243598308,1747,844.4027063599459,223.87387516601882,912.8683457355467,783.0015400410678,1.1658576631760744
CSA_screen__screen_20250125_171958__plate2_A01_7_1.tif,228,3897,0.8322888331524518,0.8907428571428572,886,819.066717988196,207.55960875464197,1005.5316027088036,764.1986051145799,1.3157987936369493
CSA_screen__screen_20250125_171958__plate2_A01_7_1.tif,229,2864,0.8035052813308182,0.927461139896373,1291,720.9200418994413,137.35839418496005,803.8745158791635,652.8372536554355,1.231355152265016
CSA_screen__screen_20250125_171958__plate2_A01_7_1.tif,230,3061,0.7959128470937809,0.9225437010247137,1520,638.514537732767,134.58735148240945,725.5421052631579,552.6729396495782,1.3127874611034642
CSA_screen__screen_20250125_171958__plate2_A01_7_1.tif,231,3125,0.7687872607727732,0.8959288990825688,2233,484.40512,93.41197373883928,506.48410210479176,429.1334080717489,1.1802485953741226
CSA_screen__screen_20250125_171958__plate2_A01_7_1.tif,232,5343,0.6231183188339348,0.8361502347417841,2131,720.5805727119596,171.59406276904522,877.4321914594087,616.5174346201743,1.423207426404704
CSA_screen__screen_20250125_171958__plate2_A01_7_1.tif,233,4850,0.8674983748589228,0.9346694931586047,2118,937.8418556701031,195.65029696300266,1054.5070821529746,847.3964128843338,1.2444082440279465
CSA_screen__screen_20250125_171958__plate2_A01_7_1.tif,234,4027,0.7712950588326497,0.8682621819749892,1639,784.838589520735,186.3861173046714,912.0549115314216,697.5238693467337,1.3075608615166203
CSA_screen__screen_20250125_171958__plate2_A01_7_1.tif,235,4400,0.8293949757576767,0.8176918788329307,1654,824.6302272727273,271.7633727494015,1086.834945586457,666.6962855061909,1.6301799923203033
CSA_screen__screen_20250125_171958__plate2_A01_7_1.tif,236,4725,0.6998792530680192,0.9003429878048781,1711,701.0389417989418,152.97010451415233,808.271186440678,640.164897146649,1.2625984180690233
CSA_screen__screen_20250125_171958__plate2_A01_7_1.tif,237,2597,0.7416491220359983,0.8927466483327604,1984,920.1571043511744,163.15350617552787,954.7988911290323,808.0375203915171,1.1816269257724632
CSA_screen__screen_20250125_171958__plate2_A01_7_1.tif,238,4662,0.5599553712785033,0.7959706334300837,1439,651.1102531102531,152.1027174790132,785.2161223071578,591.2348743406764,1.3280950708173334
CSA_screen__screen_20250125_171958__plate2_A01_7_1.tif,239,2954,0.7520303043055467,0.9168218497827436,1939,877.5947867298578,273.6434925014551,1030.4853017019082,585.5211822660099,1.7599453835535968
CSA_screen__screen_20250125_171958__plate2_A01_7_1.tif,240,6103,0.8136211656190824,0.7981951347109599,1451,748.1844994265116,227.19813382315127,1000.1137146795313,669.6055460017197,1.4935863668562905
CSA_screen__screen_20250125_171958__plate2_A01_7_1.tif,241,2411,0.5596536350309924,0.7994031830238727,1315,870.1982579842389,193.23537270083386,995.6053231939163,719.7326642335767,1.3832987894944422
CSA_screen__screen_20250125_171958__plate2_A01_7_1.tif,242,4019,0.6454515901420569,0.7498134328358209,2053,875.264742473252,172.25115209010755,946.0126643935704,801.3860630722279,1.1804705721570647
CSA_screen__screen_20250125_171958__plate2_A01_7_1.tif,243,2809,0.8091586227619466,0.6635955587054099,457,649.0313278746885,131.69669843423875,815.3851203501094,616.7083333333334,1.3221568061889484
CSA_screen__screen_20250125_171958__plate2_A01_7_1.tif,244,3303,0.7917902368220864,0.9450643776824035,2029,794.0175597941266,237.60566620609043,904.6648595367176,617.798273155416,1.4643369831969992
CSA_screen__screen_20250125_171958__plate2_A01_7_1.tif,245,1588,0.9757086970300615,0.75260663507109,642,721.5421914357682,160.04773408935583,836.9968847352025,643.1892177589853,1.3013229414067082
CSA_screen__screen_20250125_171958__plate2_A01_7_1.tif,246,4663,0.6385384279336118,0.9445007089325501,2458,771.9541067981986,156.82653308508893,861.1993490642799,672.4689342403628,1.280652986650025
CSA_screen__screen_20250125_171958__plate2_A01_7_1.tif,247,3326,0.6295843289660216,0.8984332793084819,1867,816.3478653036681,187.55664169100064,911.2244242099625,694.9396847155587,1.3112280738189963
CSA_screen__screen_20250125_171958__plate2_A01_7_1.tif,248,3214,0.5855901030598298,0.9458505002942907,1770,542.0087118855009,84.51996622543679,572.3830508474576,504.7770083102493,1.133932491821529
CSA_screen__screen_20250125_171958__plate2_A01_7_1.tif,249,3763,0.6124225127436335,0.8847872090289207,1732,712.063513154398,178.695571611074,846.7442263279446,597.2102412604628,1.4178327292928186
CSA_screen__screen_20250125_171958__plate2_A01_7_1.tif,250,1189,0.9472636329447802,0.7626683771648493,742,619.2211942809083,95.91977315096358,672.8423180592991,530.2125279642058,1.2690049415518942
CSA_screen__screen_20250125_171958__plate2_A01_7_1.tif,251,3410,0.7856120801910523,0.8793192367199587,921,654.3310850439883,164.72443104555,788.5754614549403,604.6568903173966,1.3041701402608696
CSA_screen__screen_20250125_171958__plate2_A01_7_1.tif,252,4041,0.7770997037267122,0.9591739852836458,1687,689.2905221479832,167.71200534014739,824.1973918197984,592.6091758708582,1.390794178319318
CSA_screen__screen_20250125_171958__plate2_A01_7_1.tif,253,3484,0.6917885526067491,0.8566510941726088,1362,677.1656142365098,152.02599391060696,809.0734214390602,592.5009425070688,1.3655225897457668
CSA_screen__screen_20250125_171958__plate2_A01_7_1.tif,254,2608,0.6533669599268188,0.6963951935914553,1699,589.1223159509202,122.09484141250336,641.2819305473809,491.6314631463146,1.3043956268448358
CSA_screen__screen_20250125_171958__plate2_A01_7_1.tif,255,5189,0.8573488331295813,0.898217067682188,2389,646.0418192329929,132.50992968696326,746.2565927166179,560.5371428571428,1.3313240741065522
CSA_screen__screen_20250125_171958__plate2_A01_7_1.tif,256,2596,0.7452011846583897,0.9416031918752267,1664,858.018875192604,319.24693752135283,978.7367788461538,642.4881974248927,1.5233537094828402
CSA_screen__screen_20250125_171958__plate2_A01_7_1.tif,257,5018,0.5518490254934849,0.8483516483516483,2501,638.0219210840972,156.16919853441325,734.7612954818072,541.8974970202622,1.3559045751679004
CSA_screen__screen_20250125_171958__plate2_A01_7_1.tif,258,2987,0.7509153717422897,0.9098385622905879,1520,600.8988952125878,119.01282022576304,671.5480263157895,527.6973415132925,1.2726007381238122
CSA_screen__screen_20250125_171958__plate2_A01_7_1.tif,259,3952,0.48226333148280065,0.7513307984790875,1709,852.5210020242915,212.6800941165132,984.7361029842012,751.782880071333,1.3098676879829512
CSA_screen__screen_20250125_171958__plate2_A01_7_1.tif,260,4006,0.756327135524271,0.9728023312287518,1469,694.9106340489266,138.2476848565468,820.501701837985,622.1895940086716,1.3187326013468323
CSA_screen__screen_20250125_171958__plate2_A01_7_1.tif,261,5023,0.5266439554290012,0.9131067078712961,1457,654.6934103125623,166.849600360117,820.7302676733013,586.8538979248458,1.3985257158135234
CSA_screen__screen_20250125_171958__plate2_A01_7_1.tif,262,3085,0.7974320761002497,0.9275405892964522,2235,864.9419773095624,229.61738777694956,924.7463087248323,707.6917647058824,1.3067077431784981
CSA_screen__screen_20250125_171958__plate2_A01_7_1.tif,263,3117,0.5264479780921391,0.8726203807390818,2009,564.1982675649663,83.73494907953054,583.9721254355401,528.3447653429603,1.1052861005568417
CSA_screen__screen_20250125_171958__plate2_A01_7_1.tif,264,4424,0.35350396966216696,0.8942793612290277,2311,588.1656871609404,98.04546214497744,641.5703158805712,529.7567439659252,1.2110658772884597
CSA_screen__screen_20250125_171958__plate2_A01_7_1.tif,265,6364,0.6777293592057778,0.9219180066637693,2358,771.9638592080453,207.35441822929855,913.4211195928754,688.699700449326,1.326298122384742
CSA_screen__screen_20250125_171958__plate2_A01_7_1.tif,266,2852,0.615639084643437,0.8513432835820895,1333,707.2931276297335,159.73736876328746,828.900225056264,600.5766951942068,1.3801738090889872
CSA_screen__screen_20250125_171958__plate2_A01_7_1.tif,267,2571,0.8333317298550722,0.71238570241064,1505,841.8576429404901,233.71214338477603,964.3169435215947,668.9671669793621,1.441501154497384
CSA_screen__screen_20250125_171958__plate2_A01_7_1.tif,268,2338,0.7044196604479672,0.9484787018255578,1471,725.1928999144568,191.73978571061755,821.7335146159076,561.396770472895,1.4637303914728914
CSA_screen__screen_20250125_171958__plate2_A01_7_1.tif,269,2260,0.699974892653282,0.9362054681027341,1270,866.333185840708,235.56870379665142,1023.3338582677166,664.9282828282828,1.5390138826926567
CSA_screen__screen_20250125_171958__plate2_A01_7_1.tif,270,2713,0.7913991028046414,0.9100972827910098,1054,698.4828603022485,152.84984579805123,832.8908918406072,613.0904159132007,1.3585123339434573
CSA_screen__screen_20250125_171958__plate2_A01_7_1.tif,271,3902,0.6389905342691566,0.7395754359363154,1731,842.0553562275757,213.85194898537247,993.7746967071057,721.0852141870106,1.3781654056345332
CSA_screen__screen_20250125_171958__plate2_A01_7_1.tif,272,4556,0.912762026803385,0.8032440056417489,1991,813.2655838454785,278.5547489558123,951.8011049723757,705.7317738791423,1.3486725980051637
CSA_screen__screen_20250125_171958__plate2_A01_7_1.tif,273,5416,0.601697312330594,0.9349214569307785,1870,785.8340103397342,198.61171869609043,931.3919786096257,709.0733220530175,1.3135340868740022
CSA_screen__screen_20250125_171958__plate2_A01_7_1.tif,274,4330,0.7364857244555847,0.9277908720805657,1590,802.8177829099308,272.9321156920652,997.714465408805,689.720802919708,1.4465483151810214
CSA_screen__screen_20250125_171958__plate2_A01_7_1.tif,275,4459,0.8158344161697577,0.957072333118695,1534,751.455483292218,177.69597769062253,906.0788787483702,670.3641025641026,1.3516220144883544
CSA_screen__screen_20250125_171958__plate2_A01_7_1.tif,276,3202,0.5018741782582065,0.867750677506775,1653,654.5965021861336,146.2460585596412,760.7979431336963,541.2646868947709,1.4055931627433247
CSA_screen__screen_20250125_171958__plate2_A01_7_1.tif,277,3133,0.7751813798937899,0.9341085271317829,2303,803.3625917650814,205.65435265503305,898.1454624402953,540.3686746987952,1.6620975724414948
CSA_screen__screen_20250125_171958__plate2_A01_7_1.tif,278,1137,0.8192132529294011,0.9236393176279447,870,859.4080914687775,184.73766287848133,934.6896551724138,614.1086142322098,1.5220266146909711
CSA_screen__screen_20250125_171958__plate2_A01_7_1.tif,279,3877,0.4253779826874816,0.8177599662518455,1508,727.7258189321641,168.4554877879676,860.1014588859416,643.4613761080625,1.336679233318111
CSA_screen__screen_20250125_171958__plate2_A01_7_1.tif,280,3689,0.9044480480189461,0.7609323432343235,1333,660.0862022228246,137.90980291562255,765.2558139534884,600.5823429541596,1.274189664300367
CSA_screen__screen_20250125_171958__plate2_A01_7_1.tif,281,6034,0.7338809083292156,0.800053036329886,1956,693.6619158104077,159.99079787314557,853.8808793456033,616.8133889161354,1.384342322474619
CSA_screen__screen_20250125_171958__plate2_A01_7_1.tif,282,6474,0.716148590875021,0.8934584598399117,1843,726.5630213160333,178.36254172584148,884.319587628866,663.7806089397538,1.3322467931706765
CSA_screen__screen_20250125_171958__plate2_A01_7_1.tif,283,1280,0.8130391905406084,0.9020436927413672,1024,986.23671875,216.85472757236212,1048.169921875,738.50390625,1.4193153387602682
CSA_screen__screen_20250125_171958__plate2_A01_7_1.tif,284,3726,0.7214620618705668,0.9401968205904617,1448,736.4672571121846,205.997408319615,906.6767955801105,628.2743634767339,1.4431223813793037
CSA_screen__screen_20250125_171958__plate2_A01_7_1.tif,285,3880,0.8296536708508133,0.9235896215186861,1270,725.634793814433,179.11232257627844,889.2881889763779,646.0026819923372,1.3766013884551125
CSA_screen__screen_20250125_171958__plate2_A01_7_1.tif,286,3196,0.74576342481067,0.9540298507462687,2214,443.9643304130163,105.28881836815658,473.85953026196927,376.5631364562118,1.2583800281711097
CSA_screen__screen_20250125_171958__plate2_A01_7_1.tif,287,2824,0.5936239084886433,0.8536880290205562,1330,731.3371104815864,157.23838278045446,839.009022556391,635.4846050870148,1.3202664798488837
CSA_screen__screen_20250125_171958__plate2_A01_7_1.tif,288,2834,0.8315873434641583,0.8243164630599186,1342,730.0409315455187,172.2127764868222,841.4374068554397,629.8438337801608,1.3359460896923427
CSA_screen__screen_20250125_171958__plate2_A01_7_1.tif,289,6667,0.8002258499807624,0.8999730021598272,2113,636.3814309284536,157.05437672764765,790.770468528159,564.7468159859465,1.4002212073522111
CSA_screen__screen_20250125_171958__plate2_A01_7_1.tif,290,3003,0.576635638606872,0.9413793103448276,1627,535.949050949051,94.4303269521156,544.1303011677935,526.2754360465116,1.033926844952923
CSA_screen__screen_20250125_171958__plate2_A01_7_1.tif,291,3358,0.7476033428208951,0.9652198907732107,2388,484.0911256700417,122.36933826759028,522.9505862646566,388.42474226804126,1.3463369588948142
CSA_screen__screen_20250125_171958__plate2_A01_7_1.tif,292,4766,0.6286809289397234,0.7009854390351522,2533,880.4460763743181,233.2487238828028,1044.3553099091985,694.5158978952082,1.5037169243702115
CSA_screen__screen_20250125_171958__plate2_A01_7_1.tif,293,5488,0.8991360476719377,0.9087597284318596,2339,588.4969023323615,99.60208362926325,656.6323215049166,537.8875833597967,1.2207612553601013
CSA_screen__screen_20250125_171958__plate2_A01_7_1.tif,294,4278,0.7556381790439027,0.9460415745245466,1773,722.8071528751753,192.32976899673648,836.1680767061478,642.5720558882235,1.3012829752615334
CSA_screen__screen_20250125_171958__plate2_A01_7_1.tif,295,3153,0.8269640812926694,0.9086455331412103,1112,578.0983190612116,99.41146432462504,627.5215827338129,551.1709946104851,1.138524321616897
CSA_screen__screen_20250125_171958__plate2_A01_7_1.tif,296,6986,0.9136141689028742,0.9015356820234869,2524,690.6663326653306,167.0116050238168,820.8462757527734,617.0280143433438,1.3303225407461248
CSA_screen__screen_20250125_171958__plate2_A01_7_1.tif,297,2918,0.6883303592060883,0.8676776687481416,1459,614.3262508567512,130.136335702907,714.1768334475669,514.4756682659356,1.3881644507207376
CSA_screen__screen_20250125_171958__plate2_A01_7_1.tif,298,2903,0.4729654288946582,0.9172195892575039,1398,685.6586290044781,169.68406205874572,811.741773962804,568.5395348837209,1.4277666268693583
CSA_screen__screen_20250125_171958__plate2_A01_7_1.tif,299,3450,0.639600830919889,0.9031413612565445,1183,713.2579710144928,168.30714194788592,861.8495350803043,635.7176885752095,1.3557111129185482
CSA_screen__screen_20250125_171958__plate2_A01_7_1.tif,300,3446,0.8406240485024415,0.9331167072840509,1879,699.5124782356355,165.3835417805685,785.2107503991485,596.7511167836631,1.3158094359860355
CSA_screen__screen_20250125_171958__plate2_A01_7_1.tif,301,2957,0.6360608649572838,0.8842703349282297,1005,847.8163679404802,293.1105874329108,1103.7164179104477,716.0645491803278,1.5413644191349247
CSA_screen__screen_20250125_171958__plate2_A01_7_1.tif,302,5236,0.8477352136871747,0.5034131333525622,1459,792.1268143621085,268.01450730494,1019.0637422892393,704.4643897272967,1.4465794966353462
CSA_screen__screen_20250125_171958__plate2_A01_7_1.tif,303,1500,0.5483916166039549,0.9386733416770964,766,860.354,213.08612816730545,999.2584856396867,715.3937329700273,1.3967951347451242
CSA_screen__screen_20250125_171958__plate2_A01_7_1.tif,304,1696,0.640210535463804,0.934435261707989,909,840.1102594339623,251.427945975354,1011.96699669967,641.6124523506988,1.5772246828939958
CSA_screen__screen_20250125_171958__plate2_A01_7_1.tif,305,2863,0.7306308273788104,0.9141123882503193,1324,850.5794621026895,272.26499264792716,1038.202416918429,689.167641325536,1.5064584502568403
CSA_screen__screen_20250125_171958__plate2_A01_7_1.tif,306,4387,0.6114765586730825,0.8646038628301143,1289,716.6325507180305,170.34146753591153,871.6602017067494,652.1294383473208,1.3366367939404502
CSA_screen__screen_20250125_171958__plate2_A01_7_1.tif,307,2705,0.7443204270837641,0.925419089976052,1441,1041.0133086876156,175.75149183969103,1091.2185981956975,983.7776898734177,1.1092125888076443
CSA_screen__screen_20250125_171958__plate2_A01_7_1.tif,308,2922,0.8113862182055636,0.949317738791423,1027,643.5366187542779,149.7486630141842,784.2599805258033,567.2712401055409,1.3825132054639182
CSA_screen__screen_20250125_171958__plate2_A01_7_1.tif,309,624,0.7552587127992229,0.899135446685879,442,1472.2884615384614,261.64891356439455,1514.8800904977375,1368.8516483516485,1.1066795239074552
CSA_screen__screen_20250125_171958__plate2_A01_7_1.tif,310,1682,0.658219249118513,0.9101731601731602,1211,547.0814506539833,87.36529240516212,581.0363336085879,459.7791932059448,1.2637290729864097
CSA_screen__screen_20250125_171958__plate2_A01_7_1.tif,311,2945,0.49633325865524947,0.888118214716526,1578,500.39049235993207,84.23651506250972,481.13054499366285,522.6232626188735,0.9206068298274938
CSA_screen__screen_20250125_171958__plate2_A01_7_1.tif,312,2695,0.5005625131106874,0.8338490099009901,1713,539.7254174397032,119.5861273668145,580.10274372446,469.29124236252545,1.2361252274900394
CSA_screen__screen_20250125_171958__plate2_A01_7_1.tif,313,3994,0.7582617383773012,0.9371187236039418,1608,551.8312468703054,132.12986042193614,593.3072139303482,523.8792958927074,1.1325265544600944
CSA_screen__screen_20250125_171958__plate2_A01_7_1.tif,314,2151,0.8611263115527469,0.9287564766839378,853,515.9669920966992,103.11655999344103,532.3669402110199,505.1895223420647,1.0537964796715507
CSA_screen__screen_20250125_171958__plate2_A01_7_1.tif,315,5646,0.8042922207214351,0.8151891423621138,1489,706.5118668083599,155.7350281449482,862.8038952316991,650.5294683666106,1.32631023986981
CSA_screen__screen_20250125_171958__plate2_A01_7_1.tif,316,7433,0.7458307056905853,0.7920929241261722,1458,787.029463204628,200.5619545468981,936.5432098765432,750.5456066945607,1.247816523770121
CSA_screen__screen_20250125_171958__plate2_A01_7_1.tif,317,2104,0.5667184355014321,0.9232119350592365,1172,685.5380228136883,147.58153150105605,741.4018771331058,615.2886266094421,1.2049660030587805
CSA_screen__screen_20250125_171958__plate2_A01_7_1.tif,318,1430,0.7776719000897232,0.9681787406905891,1021,634.2335664335665,143.90125302284997,699.8560235063663,470.41809290953546,1.4877319432544729
CSA_screen__screen_20250125_171958__plate2_A01_7_1.tif,319,6601,0.5209221917357354,0.8369468746037784,1678,831.4422057264051,272.23574006211845,912.0196662693683,803.9774527726996,1.134384631215789
CSA_screen__screen_20250125_171958__plate2_A01_7_1.tif,320,2510,0.5954221021327782,0.9736229635376261,1127,708.798406374502,140.71886583059006,793.7222715173026,639.5943600867679,1.2409775961902254
CSA_screen__screen_20250125_171958__plate2_A01_7_1.tif,321,1515,0.7973220037573311,0.9300184162062615,1058,654.2415841584159,174.95730658890352,731.2164461247637,476.0371991247265,1.5360489631256269
CSA_screen__screen_20250125_171958__plate2_A01_7_1.tif,322,2193,0.19715991163151983,0.9148936170212766,970,652.7738258093935,137.43998037994842,740.6865979381444,583.0474243663124,1.270371100160785
CSA_screen__screen_20250125_171958__plate2_A01_7_1.tif,323,1631,0.8525011236513007,0.9565982404692082,1333,1087.3568362967505,140.15423386815033,1119.245311327832,944.7147651006711,1.184744171124035
CSA_screen__screen_20250125_171958__plate2_A01_7_1.tif,324,3709,0.6089772683875151,0.7359126984126985,1127,720.1987058506336,212.87200578660102,959.1712511091393,615.8911696359411,1.5573713318151878
CSA_screen__screen_20250125_171958__plate2_A01_7_1.tif,325,2948,0.6731968451449154,0.8821065230400957,1251,712.179104477612,158.94944861817862,806.898481215028,642.3535651149086,1.2561594191054026
CSA_screen__screen_20250125_171958__plate2_A01_7_1.tif,326,1660,0.6264776290727581,0.9534750143595635,808,850.083734939759,265.02257389740754,1046.2277227722773,664.0692488262911,1.5754798533758823
CSA_screen__screen_20250125_171958__plate2_A01_7_1.tif,327,3471,0.7021546262170929,0.8881780962128967,1478,733.6237395563238,226.95881654842984,873.6677943166441,629.7676869041645,1.3872858396585142
CSA_screen__screen_20250125_171958__plate2_A01_7_1.tif,328,2259,0.9166911102400355,0.945583926329008,563,670.6254980079681,166.9815076338822,858.133214920071,608.3808962264151,1.4105196600399301
CSA_screen__screen_20250125_171958__plate2_A01_7_1.tif,329,3751,0.7038913869568535,0.9095538312318138,1401,731.6688882964543,171.74496629271152,874.2990720913633,646.6370212765958,1.3520708578752811
CSA_screen__screen_20250125_171958__plate2_A01_7_1.tif,330,2821,0.6543348150707744,0.9384564204923487,1403,662.3917050691244,135.71491765768099,729.7854597291519,595.7108603667136,1.2250665688382838
CSA_screen__screen_20250125_171958__plate2_A01_7_1.tif,331,5962,0.7020698089648147,0.8993815055061095,1981,617.0825226434082,122.00963262249773,726.8480565371025,562.4616930419493,1.2922623274237683
CSA_screen__screen_20250125_171958__plate2_A01_7_1.tif,332,2135,0.7376371896347995,0.9242424242424242,1448,543.543793911007,137.45664618679737,583.6174033149172,459.08005822416305,1.2712758763090164
CSA_screen__screen_20250125_171958__plate2_A01_7_1.tif,333,1998,0.9457726237053147,0.6203042533374729,505,660.5845845845846,140.21977459613316,820.2415841584159,606.5813797722706,1.3522366685016938
CSA_screen__screen_20250125_171958__plate2_A01_7_1.tif,334,4391,0.7599131549700195,0.8389377149407719,1703,772.1915281257117,174.77533089359386,861.5601879036993,715.5714285714286,1.2040170324068467
CSA_screen__screen_20250125_171958__plate2_A01_7_1.tif,335,4500,0.8372071054126619,0.9495674192867694,1612,904.6371111111112,250.81639340470394,1059.0359801488835,818.456024930748,1.293943654747354
CSA_screen__screen_20250125_171958__plate2_A01_7_1.tif,336,8367,0.7601571912386499,0.8324544821410805,1427,699.2092745308952,167.92671949226263,905.3286615276804,656.8270893371758,1.3783363631382424
CSA_screen__screen_20250125_171958__plate2_A01_7_1.tif,337,3037,0.7532294221558862,0.8929726551014407,1873,774.9644385907145,228.31936121960246,869.3635878270155,623.0661512027491,1.3952990162422094
CSA_screen__screen_20250125_171958__plate2_A01_7_1.tif,338,3054,0.8204475248779773,0.8715753424657534,1496,705.5677799607073,180.19344137942014,812.9164438502673,602.4910141206675,1.349259034239232
CSA_screen__screen_20250125_171958__plate2_A01_7_1.tif,339,4111,0.6315158094116753,0.7027350427350427,1616,530.0547312089516,89.2986166189618,544.8273514851485,520.4865731462926,1.0467654298778895
CSA_screen__screen_20250125_171958__plate2_A01_7_1.tif,340,2353,0.6560538491908923,0.815880721220527,1203,605.5516362090948,131.72336718953346,681.8512053200333,525.7356521739131,1.29694686388603
CSA_screen__screen_20250125_171958__plate2_A01_7_1.tif,341,3225,0.6824412155053989,0.9097320169252469,1614,948.3308527131783,370.89624783827776,1152.8705080545228,743.4103041589075,1.5507862906996932
CSA_screen__screen_20250125_171958__plate2_A01_7_1.tif,342,2494,0.6547332405570149,0.9446969696969697,1303,857.097433841219,264.0132734351637,1037.6101304681504,659.6095717884131,1.5730671215926364
CSA_screen__screen_20250125_171958__plate2_A01_7_1.tif,343,3084,0.8858986779880127,0.853584278992527,1580,845.458495460441,244.04191402312637,972.9772151898734,711.4960106382979,1.3675090241433614
CSA_screen__screen_20250125_171958__plate2_A01_7_1.tif,344,4671,0.6983033317523801,0.8039586919104992,1446,644.9312780989081,123.84945812016318,741.2247579529737,601.7559689922481,1.2317696809793046
CSA_screen__screen_20250125_171958__plate2_A01_7_1.tif,345,3940,0.7543505998038423,0.875750166703712,1126,682.8370558375634,170.20429900104907,720.9191829484902,667.5987917555082,1.079868915060154
CSA_screen__screen_20250125_171958__plate2_A01_7_1.tif,346,7657,0.6804525225636341,0.9239773138650899,1965,709.9087109834139,161.6476461252751,789.0127226463104,682.6003162333099,1.155892700138494
CSA_screen__screen_20250125_171958__plate2_A01_7_1.tif,347,9035,0.5235515805253581,0.9596388741370154,2613,699.5610403984505,197.6933315962723,733.8362035973976,685.6150731859234,1.0703326579262613
CSA_screen__screen_20250125_171958__plate2_A01_7_1.tif,348,4151,0.8499539172662407,0.9546918123275069,1451,794.8699108648518,241.2801269794654,925.5582356995176,724.6370370370371,1.277271500617779
CSA_screen__screen_20250125_171958__plate2_A01_7_1.tif,349,1974,0.6255856032395847,0.8855989232839838,912,654.064336372847,132.18432762144633,757.2357456140351,565.4651600753295,1.3391377560965179
CSA_screen__screen_20250125_171958__plate2_A01_7_1.tif,350,3978,0.6587618552942986,0.9142725810158584,1246,682.9120160884867,149.69411513479977,834.2263242375602,613.9011713030746,1.3588935210317656
CSA_screen__screen_20250125_171958__plate2_A01_7_1.tif,351,6745,0.8333012311934636,0.8284205354949644,1212,791.4480355819126,259.4926132162219,827.3498349834983,783.583770106633,1.055853715386307
CSA_screen__screen_20250125_171958__plate2_A01_7_1.tif,352,2921,0.7869249912734488,0.8138757314015046,1205,924.0537487161931,351.6771907271365,1218.6107883817429,717.2115384615385,1.6990953477906054
CSA_screen__screen_20250125_171958__plate2_A01_7_1.tif,353,3259,0.7848491692326712,0.9175112612612613,1102,767.9699294262043,203.97887117889067,949.4110707803993,675.2726008344923,1.405967115513247
CSA_screen__screen_20250125_171958__plate2_A01_7_1.tif,354,5848,0.6976849761642335,0.9156098324722092,2061,718.6342339261286,169.145916528837,862.5342066957787,640.3195141272776,1.3470372019996428
CSA_screen__screen_20250125_171958__plate2_A01_7_1.tif,355,1873,0.7792150361537062,0.9235700197238659,1107,714.7859049652964,161.52832395055697,817.3631436314363,566.5443864229765,1.4427168695326213
CSA_screen__screen_20250125_171958__plate2_A01_7_1.tif,356,4570,0.6189144092040264,0.8045774647887324,1441,762.8658643326039,255.70167364057264,862.4059680777239,717.0246085011186,1.2027564435766203
CSA_screen__screen_20250125_171958__plate2_A01_7_1.tif,357,1514,0.635089250759975,0.9504080351537979,823,722.9379128137384,177.49943376061748,838.8481166464155,584.8856729377713,1.434208693184496
CSA_screen__screen_20250125_171958__plate2_A01_7_1.tif,358,2235,0.7245256650474982,0.948641765704584,998,728.6111856823267,230.69831071855037,919.2815631262525,574.7801131770412,1.599362159635296
CSA_screen__screen_20250125_171958__plate2_A01_7_1.tif,359,2349,0.5922363077493163,0.9658717105263158,1254,760.6819923371647,223.02066087234368,867.3915470494418,638.4776255707762,1.3585308432288832
CSA_screen__screen_20250125_171958__plate2_A01_7_1.tif,360,4400,0.5346904310018473,0.9359710699851096,1297,705.7940909090909,180.99298419750696,791.2320740169622,670.0825008056719,1.1807979958671155
CSA_screen__screen_20250125_171958__plate2_A01_7_1.tif,361,2867,0.33909318381416764,0.9512276045122761,1258,648.6048133937915,111.64699597548784,719.0492845786963,593.52765692977,1.2114840415326742
CSA_screen__screen_20250125_171958__plate2_A01_7_1.tif,362,3976,0.8956672740089806,0.864723792953458,1398,723.5183601609658,179.41414037787618,900.4427753934192,627.5756400310318,1.4347956134003146
CSA_screen__screen_20250125_171958__plate2_A01_7_1.tif,363,1027,0.13927933008547463,0.9169642857142857,710,497.36027263875366,74.74837178065792,513.7859154929578,460.57097791798105,1.1155412306166919
CSA_screen__screen_20250125_171958__plate2_A01_7_1.tif,364,1614,0.5537780914533103,0.9477392836171462,1137,956.6648079306071,305.5673594974874,1103.0167106420404,607.8134171907757,1.8147291248357458
CSA_screen__screen_20250125_171958__plate2_A01_7_1.tif,365,2990,0.28340903049311134,0.8719743365412657,1148,713.9270903010033,189.21233503039397,881.829268292683,609.2844733984799,1.4473194489496783
CSA_screen__screen_20250125_171958__plate2_A01_7_1.tif,366,2805,0.8576388801455641,0.8955938697318008,1405,716.6634581105169,207.5108143602521,863.0626334519573,569.7414285714286,1.5148321504651734
CSA_screen__screen_20250125_171958__plate2_A01_7_1.tif,367,2673,0.6742553448805407,0.8642095053346266,745,803.475495697718,197.6288970194829,912.0791946308725,761.5098547717843,1.1977247423859172
CSA_screen__screen_20250125_171958__plate2_A01_7_1.tif,368,2040,0.5490422152142389,0.9306569343065694,873,779.696568627451,230.15833975933765,920.2760595647194,674.5329905741216,1.3643158636042934
CSA_screen__screen_20250125_171958__plate2_A01_7_1.tif,369,1853,0.6880175530374698,0.9656070870244919,1286,372.80572045331894,79.49288834915554,392.48755832037324,328.1657848324515,1.196003899433824
CSA_screen__screen_20250125_171958__plate2_A01_7_1.tif,370,2161,0.4314635164600506,0.9664579606440071,1668,908.0245256825543,194.1566078841284,982.0557553956835,657.5496957403651,1.4935080371224905
CSA_screen__screen_20250125_171958__plate2_A01_7_1.tif,371,2266,0.777746668741688,0.8554171385428464,951,786.3914386584289,140.30965910662994,889.9652996845426,711.4874524714829,1.2508517143810252
CSA_screen__screen_20250125_171958__plate2_A01_7_1.tif,372,1272,0.9080308947961349,0.9629068887206662,685,692.5550314465409,151.1191222509735,781.4043795620438,588.8722316865417,1.3269506312499848
CSA_screen__screen_20250125_171958__plate2_A01_7_1.tif,373,1953,0.738082647647341,0.9371401151631478,780,809.4116743471582,211.17576517233528,947.6423076923077,717.4936061381075,1.3207675993002506
CSA_screen__screen_20250125_171958__plate2_A01_7_1.tif,374,2060,0.7233655418455209,0.8784648187633263,1503,510.53203883495144,87.24561047026141,528.8669328010645,461.05745062836627,1.14707382362064
CSA_screen__screen_20250125_171958__plate2_A01_7_1.tif,375,3339,0.7657335234734942,0.9363432417274257,1876,563.3770589997005,115.95711102429527,611.4605543710021,501.71975393028026,1.2187292798042224
CSA_screen__screen_20250125_171958__plate2_A01_7_1.tif,376,5927,0.6858714818610591,0.9522814910025706,1668,623.3642652269276,166.2813393366907,725.4202637889688,583.3949283869453,1.2434462976815992
CSA_screen__screen_20250125_171958__plate2_A01_7_1.tif,377,2711,0.49159822173334833,0.9018629407850964,1788,872.6377720398377,129.97561314283752,896.1633109619687,827.0650054171181,1.0835464021476788
CSA_screen__screen_20250125_171958__plate2_A01_7_1.tif,378,657,0.3446702431628633,0.8488372093023255,381,644.7153729071538,163.74432391539824,743.2677165354331,508.67028985507244,1.4611974226904443
CSA_screen__screen_20250125_171958__plate2_A01_7_1.tif,379,1242,0.5940100067873981,0.9756480754124116,551,689.5708534621579,183.35187930984935,810.3974591651543,593.2243125904487,1.3660894234532799
CSA_screen__screen_20250125_171958__plate2_A01_7_1.tif,380,4356,0.7763014336847504,0.6306645432170263,794,923.1572543617998,298.8271377185974,1108.2556675062972,881.8972487366648,1.256672099945765
CSA_screen__screen_20250125_171958__plate2_A01_7_1.tif,381,660,0.81765388245161,0.9865470852017937,369,749.9681818181818,163.47893169707046,831.8672086720867,646.1168384879725,1.2874872764789769
CSA_screen__screen_20250125_171958__plate2_A01_7_1.tif,382,2664,0.6062757573268361,0.8278433809819764,1560,514.5649399399399,73.92627497143725,524.7910256410256,500.11503623188406,1.0493406268986887
CSA_screen__screen_20250125_171958__plate2_A01_7_1.tif,383,2860,0.6655438603743421,0.9152,1458,653.0419580419581,161.329876367502,764.1659807956104,537.4793152639087,1.4217588641907006
CSA_screen__screen_20250125_171958__plate2_A01_7_1.tif,384,2745,0.9162349110832114,0.5115542303391726,718,772.983606557377,168.60303154129892,882.7534818941505,734.1011346817958,1.2024957327940784
CSA_screen__screen_20250125_171958__plate2_A01_7_1.tif,385,2509,0.47466521382405547,0.8496444293938368,1228,461.40892785970505,99.48857352211411,469.2638436482085,453.8790007806401,1.0338963530833272
CSA_screen__screen_20250125_171958__plate2_A01_7_1.tif,386,4114,0.8502989600188957,0.9320344358858178,1461,665.3089450656296,139.4533430520272,720.3463381245722,635.0,1.1344036820859404
CSA_screen__screen_20250125_171958__plate2_A01_7_1.tif,387,1685,0.7253608834710488,0.9466292134831461,810,661.8878338278931,137.12275641468744,711.8592592592593,615.6285714285714,1.156312900824898
CSA_screen__screen_20250125_171958__plate2_A01_7_1.tif,388,2310,0.7723429888102676,0.8960434445306439,873,634.5935064935065,119.07336183613829,726.3172966781215,578.8698677800975,1.2547160201367342
CSA_screen__screen_20250125_171958__plate2_A01_7_1.tif,389,3096,0.7928700131423918,0.8800454803865833,1694,462.92700258397934,67.91602939393789,471.89787485242033,452.08773181169755,1.0438192449092472
CSA_screen__screen_20250125_171958__plate2_A01_7_1.tif,390,1394,0.8733814021040496,0.9349429912810194,974,917.5164992826399,163.18701394772182,971.5338809034907,792.2476190476191,1.2263007897346492
CSA_screen__screen_20250125_171958__plate2_A01_7_1.tif,391,3464,0.4144478290485255,0.8257449344457688,1022,684.7759815242495,173.46023544295608,854.3140900195694,613.8226863226863,1.3917929543100285
CSA_screen__screen_20250125_171958__plate2_A01_7_1.tif,392,2054,0.5083316970852592,0.7335714285714285,874,667.0360272638753,144.1964494502944,748.5217391304348,606.6813559322034,1.2337971684992444
CSA_screen__screen_20250125_171958__plate2_A01_7_1.tif,393,2555,0.6766605957478188,0.8669833729216152,853,553.2285714285714,88.50385579687573,628.6459554513482,515.4312573443008,1.219650431544204
CSA_screen__screen_20250125_171958__plate2_A01_7_1.tif,394,2649,0.7774622876679901,0.9291476674850929,961,713.3087957719895,132.65830078050715,756.8626430801248,688.5130331753554,1.0992713378126593
CSA_screen__screen_20250125_171958__plate2_A01_7_1.tif,395,3121,0.7889306823716251,0.9347109913147649,939,722.8538929830182,177.55053378090082,850.667731629393,667.8505957836846,1.2737395713949806
CSA_screen__screen_20250125_171958__plate2_A01_7_1.tif,396,1569,0.52431060235425,0.9074609600925391,725,965.4314850223072,315.4070471750332,1114.9779310344827,836.9703791469194,1.3321593676599666
CSA_screen__screen_20250125_171958__plate2_A01_7_1.tif,397,2250,0.32221723394297414,0.8561643835616438,1399,546.6897777777777,106.62870462995285,590.445318084346,474.7579318448884,1.2436765738487012
CSA_screen__screen_20250125_171958__plate2_A01_7_1.tif,398,2177,0.6090998962956142,0.8527222875048962,1461,575.8576022048691,134.89579819115767,604.1841204654346,518.0572625698323,1.166249687280453
CSA_screen__screen_20250125_171958__plate2_A01_7_1.tif,399,2436,0.6540172025315579,0.9258836944127709,832,676.5710180623973,210.99869134166738,866.1538461538462,578.2337905236908,1.4979301804022798
CSA_screen__screen_20250125_171958__plate2_A01_7_1.tif,400,2145,0.5188171513406581,0.8097395243488109,1602,421.36736596736597,63.35975837737988,421.8583021223471,419.91896869244937,1.0046183515737248
CSA_screen__screen_20250125_171958__plate2_A01_7_1.tif,401,543,0.9484933532516162,0.8715890850722311,430,470.2725598526703,97.78737844588248,494.1441860465116,379.43362831858406,1.302320482863509
CSA_screen__screen_20250125_171958__plate2_A01_7_1.tif,402,2285,0.85264178114145,0.7790658029321513,982,680.361487964989,188.26718921343843,791.4154786150713,596.6661550268611,1.3263957942770237
CSA_screen__screen_20250125_171958__plate2_A01_7_1.tif,403,4484,0.2872411464869465,0.96825739581084,1332,775.9556199821587,191.58843983499338,947.1719219219219,703.6015228426396,1.3461766229487777
CSA_screen__screen_20250125_171958__plate2_A01_7_1.tif,404,2755,0.7937575786944636,0.982174688057041,1007,719.5157894736842,154.4462058871728,847.4190665342602,645.8323798627002,1.3121346853411344
CSA_screen__screen_20250125_171958__plate2_A01_7_1.tif,405,1502,0.7953084681021237,0.9753246753246754,669,821.9487350199734,256.9339123613359,1006.3856502242153,673.8235294117648,1.4935448322838636
CSA_screen__screen_20250125_171958__plate2_A01_7_1.tif,406,1945,0.7709176644046811,0.9520313264806657,996,650.1501285347043,119.18542327856812,691.7991967871486,606.4383561643835,1.1407576545168703
CSA_screen__screen_20250125_171958__plate2_A01_7_1.tif,407,6272,0.7631077084907372,0.8107549120992761,1312,749.7141262755102,140.77742557117722,834.282012195122,727.3445564516129,1.1470244807566978
CSA_screen__screen_20250125_171958__plate2_A01_7_1.tif,408,2777,0.6625765841776701,0.9487529894089511,1415,973.3601008282319,295.84615554215264,1124.5159010600707,816.3223201174743,1.3775390839469455
CSA_screen__screen_20250125_171958__plate2_A01_7_1.tif,409,1866,0.8169931712690157,0.9433771486349848,977,691.8531618435155,156.06038036129775,774.9559877175026,600.5241844769404,1.2904659091997988
CSA_screen__screen_20250125_171958__plate2_A01_7_1.tif,410,2198,0.8240191038211172,0.9321458863443596,1144,628.8002729754322,100.62718542116419,692.097027972028,560.0986717267552,1.2356698255297207
CSA_screen__screen_20250125_171958__plate2_A01_7_1.tif,411,9582,0.5700461256347058,0.6636653276077019,846,824.0385097056982,224.83648567838378,891.2340425531914,817.53125,1.090152874955167
CSA_screen__screen_20250125_171958__plate2_A01_7_1.tif,412,1966,0.8650673537801055,0.9182624941616068,1025,568.5946083418108,128.2760167429542,635.349268292683,495.8809776833156,1.2812535606042867
CSA_screen__screen_20250125_171958__plate2_A01_7_1.tif,413,2335,0.7940215227295018,0.902938901778809,1563,432.2012847965739,60.56476313568149,445.3288547664747,405.6230569948186,1.097888414100097
CSA_screen__screen_20250125_171958__plate2_A01_7_1.tif,414,646,0.8598030956618176,0.9802731411229135,514,779.0433436532508,151.95534003749182,842.363813229572,532.4772727272727,1.581971393661751
CSA_screen__screen_20250125_171958__plate2_A01_7_1.tif,415,2026,0.719341789361788,0.9272311212814646,826,627.1322803553801,137.7137368647589,740.4176755447942,549.1541666666667,1.3482874582179458
CSA_screen__screen_20250125_171958__plate2_A01_7_1.tif,416,2520,0.4761221136211014,0.9084354722422494,973,725.9345238095239,207.97613778381321,923.5251798561151,601.6580478345185,1.5349668855590937
CSA_screen__screen_20250125_171958__plate2_A01_7_1.tif,417,1133,0.7404048824260744,0.9561181434599156,544,738.2312444836716,167.37146380636705,861.4669117647059,624.4108658743634,1.379647534734029
CSA_screen__screen_20250125_171958__plate2_A01_7_1.tif,418,1052,0.819491933915325,0.9520361990950226,706,447.91730038022814,117.41720570254354,498.6968838526912,344.3034682080925,1.4484224816210254
CSA_screen__screen_20250125_171958__plate2_A01_7_1.tif,419,3545,0.8457526543388166,0.86484508416687,565,521.7653032440056,60.60569392433764,542.2725663716814,517.8771812080537,1.0471065071967847
CSA_screen__screen_20250125_171958__plate2_A01_7_1.tif,420,4543,0.1932209824021834,0.6987080898185174,730,906.7624917455425,314.08342684032067,885.3027397260274,910.8709677419355,0.9719299122253373
CSA_screen__screen_20250125_171958__plate2_A01_7_1.tif,421,4101,0.7120290153661027,0.9656227925594537,1760,738.5935137771276,148.63891085416967,833.5079545454546,667.2353695002136,1.2491962996053192
CSA_screen__screen_20250125_171958__plate2_A01_7_1.tif,422,2177,0.7783856725613869,0.9295473953885568,1267,891.5130914101975,325.1445287463361,1080.6748224151538,628.1417582417582,1.7204314284725923
CSA_screen__screen_20250125_171958__plate2_A01_7_1.tif,423,2168,0.8675186410876332,0.8820179007323027,1201,516.9589483394834,103.6724977194813,536.3072439633638,492.928645294726,1.0880017809529032
CSA_screen__screen_20250125_171958__plate2_A01_7_1.tif,424,2759,0.9908683028426388,0.9846538187009279,575,1011.077926785067,232.4513240801115,1076.9252173913044,993.7417582417582,1.08370731979375
CSA_screen__screen_20250125_171958__plate2_A01_7_1.tif,425,1573,0.8891647497282629,0.665961049957663,596,716.3229497774952,132.44353219020002,764.6224832214765,686.8587512794268,1.1132164827152562
CSA_screen__screen_20250125_171958__plate2_A01_7_1.tif,426,1527,0.9617602108608745,0.7696572580645161,718,621.3182711198428,122.00215603599018,665.259052924791,582.3201483312732,1.1424283614970079
CSA_screen__screen_20250125_171958__plate2_A01_7_1.tif,427,3792,0.7080293455608397,0.8279475982532751,1221,802.2225738396625,240.06471204076416,941.5642915642916,736.04745235317,1.2792168338523242
CSA_screen__screen_20250125_171958__plate2_A01_7_1.tif,428,4634,0.87828374198888,0.890297790585975,1245,748.3817436340095,192.36294758302444,889.4666666666667,696.5520802596636,1.2769564428478737
CSA_screen__screen_20250125_171958__plate2_A01_7_1.tif,429,3179,0.9909623082203555,0.987573780677229,476,913.6360490720352,204.9113679986215,992.813025210084,899.6929337772845,1.1035020815844832
CSA_screen__screen_20250125_171958__plate2_A01_7_1.tif,430,3352,0.7128218008425025,0.8872419269454738,1122,733.4146778042959,229.50752739425369,921.9581105169341,638.5511210762331,1.4438281918024642
CSA_screen__screen_20250125_171958__plate2_A01_7_1.tif,431,4886,0.8475014421785935,0.8597571705085342,1384,614.1694637740483,114.06849211400639,704.8562138728323,578.329811536265,1.2187789731960468
CSA_screen__screen_20250125_171958__plate2_A01_7_1.tif,432,1495,0.46801877456509866,0.9571062740076824,993,483.7016722408027,59.49350851758567,492.04229607250755,467.203187250996,1.0531655380342413
CSA_screen__screen_20250125_171958__plate2_A01_7_1.tif,433,4922,0.8378811448160511,0.7653553102161406,2391,539.8181633482325,77.26837068640984,561.978670012547,518.883445278546,1.0830537669415656
CSA_screen__screen_20250125_171958__plate2_A01_7_1.tif,434,2547,0.8435148911550941,0.8549848942598187,1236,822.2398900667451,192.5154468148875,955.1116504854369,696.9694889397407,1.3703779945064638
CSA_screen__screen_20250125_171958__plate2_A01_7_1.tif,435,2254,0.3875882271445118,0.9310202395704255,1374,856.539041703638,185.04642462218112,916.5815138282387,762.790909090909,1.2016156759401035
CSA_screen__screen_20250125_171958__plate2_A01_7_1.tif,436,5407,0.5406094829297798,0.7940960493464532,1193,666.5023118180137,136.1519468805911,781.3897736797989,633.9772187944945,1.2325202712577097
CSA_screen__screen_20250125_171958__plate2_A01_7_1.tif,437,3590,0.7586713904585504,0.8455016486104568,1268,703.3523676880222,175.21368828161349,838.4755520504732,629.5641688199828,1.3318349321278264
CSA_screen__screen_20250125_171958__plate2_A01_7_1.tif,438,5535,0.6588678880395465,0.7726130653266332,583,858.9181571815718,199.45365662921503,971.0703259005146,845.7144588045235,1.148224812513186
CSA_screen__screen_20250125_171958__plate2_A01_7_1.tif,439,1070,0.7118784383080734,0.9114139693356048,816,514.5897196261682,85.04730342313951,523.4583333333334,486.09842519685037,1.0768566738749539
CSA_screen__screen_20250125_171958__plate2_A01_7_1.tif,440,3186,0.8759272018667601,0.7693793769620865,1138,594.6086001255493,194.58549384377173,533.5984182776801,628.509765625,0.8489898605585889
CSA_screen__screen_20250125_171958__plate2_A01_7_1.tif,441,1982,0.6480527958917821,0.9415676959619953,727,739.9207870837538,158.65607467750723,864.264099037139,667.8908366533865,1.2940199978902598
CSA_screen__screen_20250125_171958__plate2_A01_7_1.tif,442,2010,0.9141257611601595,0.8399498537400752,638,548.8467661691542,102.21266680657291,613.3949843260189,518.8309037900875,1.1822637777455731
CSA_screen__screen_20250125_171958__plate2_A01_7_1.tif,443,1929,0.7519356547758417,0.9069111424541608,1218,579.5500259201659,98.92373502460153,607.3694581280788,531.8931082981716,1.1419013494485744
CSA_screen__screen_20250125_171958__plate2_A01_7_1.tif,444,2901,0.8962604989621081,0.8440500436427116,1392,665.8090313684936,150.82516250982295,767.3484195402299,572.142478462558,1.3411841428069156
CSA_screen__screen_20250125_171958__plate2_A01_7_1.tif,445,2357,0.6789913873707651,0.8044368600682594,1178,713.8947815019092,169.91874060037594,819.6816638370119,608.1976251060221,1.347722565825744
CSA_screen__screen_20250125_171958__plate2_A01_7_1.tif,446,2390,0.6960851561377099,0.9579158316633266,990,694.249790794979,150.94220384514688,767.9585858585858,642.1271428571429,1.1959603240591206
CSA_screen__screen_20250125_171958__plate2_A01_7_1.tif,447,2389,0.8564442836769582,0.9049242424242424,758,733.5052323147761,191.3720384188113,932.6121372031662,640.9711833231147,1.454998542006271
CSA_screen__screen_20250125_171958__plate2_A01_7_1.tif,448,1631,0.7369704521705578,0.9611078373600471,992,514.0907418761497,107.30279580636115,548.0141129032259,461.42723004694835,1.1876501368319066
CSA_screen__screen_20250125_171958__plate2_A01_7_1.tif,449,9932,0.7951524436562963,0.6836924347766229,900,667.0083568264197,189.8764378480315,772.3,656.5164968999114,1.1763603864439376
CSA_screen__screen_20250125_171958__plate2_A01_7_1.tif,450,3857,0.3367398172219592,0.9107438016528926,1206,735.2859735545761,216.23291606010926,895.3233830845771,662.4813278008298,1.3514696120669374
CSA_screen__screen_20250125_171958__plate2_A01_7_1.tif,451,1505,0.8370642048996493,0.9382793017456359,954,590.3774086378737,81.31118859027079,620.9276729559748,537.4827586206897,1.1552513322463123
CSA_screen__screen_20250125_171958__plate2_A01_7_1.tif,452,789,0.6704524256862086,0.7172727272727273,573,377.97972116603296,72.00746049520943,388.1762652705061,350.93055555555554,1.106134131455117
CSA_screen__screen_20250125_171958__plate2_A01_7_1.tif,453,2175,0.8288769903548971,0.8482839313572543,1066,640.3563218390805,145.16569502385366,753.2945590994372,531.7971145175834,1.416507420847486
CSA_screen__screen_20250125_171958__plate2_A01_7_1.tif,454,4982,0.5396122812247542,0.8676419366074538,1167,644.273384183059,144.830964783935,813.1996572407884,592.5992136304063,1.3722590893412265
CSA_screen__screen_20250125_171958__plate2_A01_7_1.tif,455,2712,0.7020598615733142,0.9384083044982698,686,748.8418141592921,164.09189761287897,896.5874635568513,698.8153998025666,1.283010454277568
CSA_screen__screen_20250125_171958__plate2_A01_7_1.tif,456,1031,0.38431805519537365,0.9590697674418605,763,884.3957322987391,238.49804546944813,990.521625163827,582.2537313432836,1.7011855344896674
CSA_screen__screen_20250125_171958__plate2_A01_7_1.tif,457,2705,0.7213580148499955,0.8169737239504682,760,942.4343807763402,253.95362392830134,1045.246052631579,902.2611825192802,1.1584739240505266
CSA_screen__screen_20250125_171958__plate2_A01_7_1.tif,458,1746,0.9423285076429343,0.8940092165898618,731,680.5383734249714,177.6507119213191,800.3666210670315,594.2384236453202,1.3468779352187128
CSA_screen__screen_20250125_171958__plate2_A01_7_1.tif,459,1245,0.8718983768869165,0.9525631216526397,611,494.2706827309237,58.399577623491005,498.708674304419,489.99369085173504,1.0177859095237227
CSA_screen__screen_20250125_171958__plate2_A01_7_1.tif,460,3198,0.643820503038111,0.9551971326164874,788,759.1541588492807,199.97835483222468,984.1510152284264,685.5867219917012,1.435487274854689
CSA_screen__screen_20250125_171958__plate2_A01_7_1.tif,461,1403,0.7122654426557298,0.9486139283299526,732,837.9722024233785,260.95038746001933,954.620218579235,710.7198211624441,1.3431737657433989
CSA_screen__screen_20250125_171958__plate2_A01_7_1.tif,462,3105,0.6357743501636688,0.7604702424687729,776,828.5880837359098,215.53175387224456,958.0025773195877,785.468441391155,1.2196576295577894
CSA_screen__screen_20250125_171958__plate2_A01_7_1.tif,463,1982,0.31189904222387316,0.962135922330097,690,713.7956609485368,199.73356905843713,873.6855072463768,628.405572755418,1.390321068311761
CSA_screen__screen_20250125_171958__plate2_A01_7_1.tif,464,4818,0.8315698234376558,0.9095714555408722,1762,598.9572436695724,130.35969906352477,652.8706015891033,567.8723821989529,1.1496783820706595
CSA_screen__screen_20250125_171958__plate2_A01_7_1.tif,465,522,0.8310937685789733,0.7521613832853026,478,598.5996168582376,78.52206805903036,603.5334728033473,545.0,1.1074008675290776
CSA_screen__screen_20250125_171958__plate2_A01_7_1.tif,466,664,0.574051178269562,0.9009497964721845,449,513.5015060240963,144.8046045252284,562.6347438752784,410.89302325581394,1.3692973889337445
CSA_screen__screen_20250125_171958__plate2_A01_7_1.tif,467,7254,0.8299986001005502,0.7829465731246628,1008,743.6091811414392,252.13756606939583,906.8263888888889,717.2686519372398,1.2642771804395476
CSA_screen__screen_20250125_171958__plate2_A01_7_1.tif,468,2178,0.8979220830301301,0.9264142917907273,1102,622.3282828282828,98.56424836112933,662.0925589836661,581.6031598513011,1.13839230026354
CSA_screen__screen_20250125_171958__plate2_A01_7_1.tif,469,913,0.852332387835055,0.8933463796477495,424,562.487404162103,85.81814304015643,606.7547169811321,524.1042944785277,1.1576984263882817
CSA_screen__screen_20250125_171958__plate2_A01_7_1.tif,470,3975,0.903953986393462,0.7863501483679525,1052,558.7157232704402,76.17703110022191,584.9619771863117,549.269586041738,1.064981553779061
CSA_screen__screen_20250125_171958__plate2_A01_7_1.tif,471,2626,0.8943013784162748,0.6741976893453145,983,683.8488194973344,141.2268151632338,783.2583926754833,624.3724893487523,1.25447294049175
CSA_screen__screen_20250125_171958__plate2_A01_7_1.tif,472,669,0.8635032593489738,0.8837516512549538,497,859.3856502242153,127.02009834871573,901.0824949698189,738.9011627906976,1.2194898862610952
CSA_screen__screen_20250125_171958__plate2_A01_7_1.tif,473,1205,0.621967585213404,0.8892988929889298,906,519.7726141078838,109.05953947467341,546.032008830022,440.2040133779264,1.2404067028831007
CSA_screen__screen_20250125_171958__plate2_A01_7_1.tif,474,1614,0.9063545816486864,0.8663446054750402,833,565.40458488228,80.9687044889077,612.2280912364946,515.4635083226633,1.1877234398778427
CSA_screen__screen_20250125_171958__plate2_A01_7_1.tif,475,4161,0.7298423884508662,0.9238454706927176,1114,682.1749579428022,146.1933915122361,715.5385996409336,669.9770265835248,1.0680046796376663
CSA_screen__screen_20250125_171958__plate2_A01_7_1.tif,476,1028,0.9035362746011315,0.7889485801995395,495,1006.9805447470817,310.0002221834508,1238.2626262626263,792.187617260788,1.5630926301830725
CSA_screen__screen_20250125_171958__plate2_A01_7_1.tif,477,1958,0.9006583927176528,0.8509343763581052,469,697.0474974463739,170.76971780222638,709.9936034115138,692.9697783747481,1.0245664754337374
CSA_screen__screen_20250125_171958__plate2_A01_7_1.tif,478,1370,0.7856980034849136,0.8654453569172458,856,450.7021897810219,117.54437116376587,482.321261682243,398.04474708171205,1.2117262323354574
CSA_screen__screen_20250125_171958__plate2_A01_7_1.tif,479,3652,0.667168400208176,0.841087056655919,799,675.0717415115006,145.18916467425257,810.4743429286608,637.1514195583596,1.2720278383597412
CSA_screen__screen_20250125_171958__plate2_A01_7_1.tif,480,1515,0.7232600462602352,0.6148538961038961,448,807.6818481848185,150.3674984429925,882.6316964285714,776.2127460168697,1.1371002356735185
CSA_screen__screen_20250125_171958__plate2_A01_7_1.tif,481,496,0.925663568774085,0.8464163822525598,371,578.6754032258065,79.86754079360435,601.1913746630728,511.848,1.1745505983476985
CSA_screen__screen_20250125_171958__plate2_A01_7_1.tif,482,896,0.6896384924137327,0.9624060150375939,681,746.9185267857143,190.95840589447275,829.5697503671072,485.12558139534883,1.7100103193508087
CSA_screen__screen_20250125_171958__plate2_A01_7_1.tif,483,3681,0.7275660937228469,0.9075443786982249,631,554.8446074436295,86.04651344681923,577.148969889065,550.2301639344262,1.0489228103420498
CSA_screen__screen_20250125_171958__plate2_A01_7_1.tif,484,1613,0.8403007030383592,0.9149177538287011,941,689.6143831370118,148.48157301181018,770.0361317747078,577.0,1.3345513548955075
CSA_screen__screen_20250125_171958__plate2_A01_7_1.tif,485,2392,0.7724535963504146,0.9023010184835911,618,618.6291806020067,110.49401095165645,735.4660194174758,577.9272829763247,1.272592661882697
CSA_screen__screen_20250125_171958__plate2_A01_7_1.tif,486,2602,0.40346482096329384,0.9605020302694721,654,765.7182936202921,186.47470737572505,971.0978593272172,696.7664271047228,1.3937207958805151
CSA_screen__screen_20250125_171958__plate2_A01_7_1.tif,487,2017,0.6373594077836069,0.9911547911547911,609,694.1417947446703,243.40745391232542,858.9967159277504,622.8373579545455,1.3791669766707215
CSA_screen__screen_20250125_171958__plate2_A01_7_1.tif,488,500,0.8658074530555134,0.5175983436853002,372,1079.05,246.85365603936273,1185.1774193548388,770.6171875,1.5379587148837617
CSA_screen__screen_20250125_171958__plate2_A01_7_1.tif,489,928,0.670828517469029,0.8176211453744493,469,750.7349137931035,221.6188013038873,845.6545842217485,653.7472766884532,1.2935496855993018
CSA_screen__screen_20250125_171958__plate2_A01_7_1.tif,490,1064,0.9737432145360613,0.7041694242223693,554,819.422932330827,121.47046146262387,892.4277978339351,740.1196078431373,1.2057886162949467
CSA_screen__screen_20250125_171958__plate2_A01_7_1.tif,491,2821,0.8747714819427721,0.6023916292974589,724,771.897199574619,199.90310679147436,811.4654696132596,758.2360515021459,1.0702016449965162
CSA_screen__screen_20250125_171958__plate2_A01_7_1.tif,492,805,0.5154745397092572,0.9583333333333334,622,751.1776397515528,220.48407950163636,829.604501607717,484.6120218579235,1.711894183778497
CSA_screen__screen_20250125_171958__plate2_A01_7_1.tif,493,534,0.8458384818566687,0.8066465256797583,429,808.4756554307116,131.99700075698718,825.7995337995338,737.6952380952381,1.1194318346581509
CSA_screen__screen_20250125_171958__plate2_A01_7_1.tif,494,782,0.8076599298961186,0.9287410926365796,518,397.6470588235294,81.94538905896215,414.05212355212353,365.4583333333333,1.132966704509288
CSA_screen__screen_20250125_171958__plate2_A01_7_1.tif,495,2911,0.5854729359074783,0.9687188019966723,560,722.5149433184473,204.90897435328154,791.8642857142858,705.9961718417694,1.1216268831153966
CSA_screen__screen_20250125_171958__plate2_A01_7_1.tif,496,2775,0.77974033343913,0.9458077709611452,550,610.698018018018,211.18993026354357,807.5145454545454,562.0467415730337,1.4367391281275048
CSA_screen__screen_20250125_171958__plate2_A01_7_1.tif,497,1554,0.7713967098555748,0.8946459412780656,874,477.1750321750322,58.643231201877896,466.02402745995425,491.50735294117646,0.9481527075256755
CSA_screen__screen_20250125_171958__plate2_A01_7_1.tif,498,1253,0.8045122598329492,0.9399849962490623,692,662.7294493216281,223.402769706702,810.3554913294797,480.63101604278074,1.686024131362655
CSA_screen__screen_20250125_171958__plate2_A01_7_1.tif,499,5352,0.5619068569693707,0.6738856711155881,1082,787.0347533632287,227.02859039113116,856.1469500924214,769.5220140515222,1.1125697958721417
CSA_screen__screen_20250125_171958__plate2_A01_7_1.tif,500,1713,0.7194339471351624,0.9634420697412823,432,752.7349678925862,158.6199121108447,865.7800925925926,714.6120218579235,1.2115386616945605
CSA_screen__screen_20250125_171958__plate2_A01_7_1.tif,501,720,0.8441620619061068,0.8285385500575374,392,725.325,200.0689254495949,874.4183673469388,547.140243902439,1.5981613070722267
CSA_screen__screen_20250125_171958__plate2_A01_7_1.tif,502,1058,0.6418005229404724,0.921602787456446,726,610.8194706994329,89.45755728125653,649.5922865013774,526.0331325301205,1.2348885390107665
CSA_screen__screen_20250125_171958__plate2_A01_7_1.tif,503,1251,0.6370990185738623,0.9608294930875576,391,653.2214228617106,151.47254730354456,725.4347826086956,620.3895348837209,1.1693214372880472
CSA_screen__screen_20250125_171958__plate2_A01_7_1.tif,504,1914,0.7318237030654006,0.9647177419354839,636,729.2429467084639,191.1562410163717,845.5534591194969,671.3607198748044,1.2594622147050485
CSA_screen__screen_20250125_171958__plate2_A01_7_1.tif,505,1113,0.44390452999595603,0.9175597691673537,699,754.0700808625337,150.52514403927265,804.8941344778254,668.2584541062802,1.2044653225588893
CSA_screen__screen_20250125_171958__plate2_A01_7_1.tif,506,1865,0.6651773238190147,0.9301745635910225,863,660.885254691689,134.67459231327734,739.5724217844728,593.1137724550898,1.2469317964463096
CSA_screen__screen_20250125_171958__plate2_A01_7_1.tif,507,2788,0.842412103876811,0.9457259158751696,818,728.2926829268292,182.25054605953832,906.5378973105135,654.2802030456853,1.3855499418912025
CSA_screen__screen_20250125_171958__plate2_A01_7_1.tif,508,1528,0.7605025277511264,0.9116945107398569,735,738.3062827225131,179.061611299451,863.8013605442177,621.9899117276167,1.3887706926708092
CSA_screen__screen_20250125_171958__plate2_A01_7_1.tif,509,2542,0.7310832624935952,0.9059158945117605,581,526.8571990558615,75.74741964392798,544.7900172117039,521.5441101478838,1.0445713154678877
CSA_screen__screen_20250125_171958__plate2_A01_7_1.tif,510,1360,0.6632059624658696,0.9315068493150684,891,422.82573529411764,77.68952963022252,450.49607182940514,370.25799573560766,1.2167085573246974
CSA_screen__screen_20250125_171958__plate2_A01_7_1.tif,511,1489,0.7407415344456743,0.967511371020143,466,581.7286769644056,114.39887092640738,641.980686695279,554.2825024437927,1.1582192904607869
CSA_screen__screen_20250125_171958__plate2_A01_7_1.tif,512,1609,0.6620684833133575,0.8988826815642458,637,517.7395898073338,78.83786844933154,557.7205651491366,491.5380658436214,1.1346436907016082
CSA_screen__screen_20250125_171958__plate2_A01_7_1.tif,513,987,0.8394136105197052,0.9189944134078212,614,518.0820668693009,108.1243531179112,564.2410423452769,442.0991957104558,1.2762770161536678
CSA_screen__screen_20250125_171958__plate2_A01_7_1.tif,514,3720,0.39160221267841416,0.9194265941670786,1335,732.9311827956989,209.79873636493005,815.6808988764045,686.6121593291405,1.1879791055162374
CSA_screen__screen_20250125_171958__plate2_A01_7_1.tif,515,4870,0.7187912527283508,0.9441644048080652,1079,610.1636550308008,129.6333801846525,730.439295644115,575.9306251648642,1.2682765314572768
CSA_screen__screen_20250125_171958__plate2_A01_7_1.tif,516,2140,0.7952376706811142,0.896522832006703,717,577.9971962616822,118.1353413278335,621.9274755927476,555.8622628250175,1.1188517681196268
CSA_screen__screen_20250125_171958__plate2_A01_7_1.tif,517,498,0.9250127879863234,0.9485714285714286,327,773.4698795180723,165.02696656960705,863.1896024464831,601.9005847953216,1.4341066020728552
CSA_screen__screen_20250125_171958__plate2_A01_7_1.tif,518,2676,0.7306206342691935,0.832348367029549,1156,691.3150224215246,174.22038969045317,810.977508650519,600.3085526315789,1.3509344571144761
CSA_screen__screen_20250125_171958__plate2_A01_7_1.tif,519,1160,0.724924862539779,0.7245471580262336,597,736.0301724137931,129.75009116987533,791.6515912897822,677.0497335701599,1.1692665280515122
CSA_screen__screen_20250125_171958__plate2_A01_7_1.tif,520,2368,0.8432013154044629,0.9552238805970149,416,671.6972128378378,141.5691114016138,841.5504807692307,635.498975409836,1.3242357790215338
CSA_screen__screen_20250125_171958__plate2_A01_7_1.tif,521,1164,0.7575482164436037,0.9326923076923077,587,658.4621993127148,142.4879911041935,748.885860306644,566.471403812825,1.3220188261331773
CSA_screen__screen_20250125_171958__plate2_A01_7_1.tif,522,2487,0.6109916471241106,0.9070021881838074,696,577.2645757941294,94.25677764669842,656.8563218390805,546.3344500279173,1.202297094399805
CSA_screen__screen_20250125_171958__plate2_A01_7_1.tif,523,1439,0.8427770447986791,0.9206653870761357,687,510.73731758165394,63.98040171851416,525.1324599708879,497.5864361702128,1.0553592738835273
CSA_screen__screen_20250125_171958__plate2_A01_7_1.tif,524,1362,0.8859280863712429,0.75,621,692.3582966226138,143.10421315683385,795.3607085346216,606.0364372469636,1.312397505581842
CSA_screen__screen_20250125_171958__plate2_A01_7_1.tif,525,2333,0.7652825385676547,0.8853889943074004,797,674.2661808829832,182.49988779411808,766.0539523212045,626.6393229166666,1.2224798609120766
CSA_screen__screen_20250125_171958__plate2_A01_7_1.tif,526,787,0.6828975025136851,0.9183197199533255,424,443.9466327827192,64.51917515447298,442.83962264150944,445.2396694214876,0.9946095396596252
CSA_screen__screen_20250125_171958__plate2_A01_7_1.tif,527,170,0.9964669813592888,0.9659090909090909,87,1026.3235294117646,174.80229514380883,1001.4022988505748,1052.44578313253,0.9515001294128159
CSA_screen__screen_20250125_171958__plate2_A01_7_1.tif,528,5109,0.6915883045377189,0.8412646138646468,924,609.7318457623801,103.02773679247667,713.3170995670996,586.8614097968937,1.2154779436152923
CSA_screen__screen_20250125_171958__plate2_A01_7_1.tif,529,2208,0.7092682108435602,0.9562581203984409,471,733.4334239130435,191.56032677008653,891.7154989384288,690.5141047783535,1.2913791228416087
CSA_screen__screen_20250125_171958__plate2_A01_7_1.tif,530,599,0.4411794791620061,0.8953662182361734,308,998.49081803005,328.5652772304175,1213.0584415584415,771.3883161512027,1.5725652257878706
CSA_screen__screen_20250125_171958__plate2_A01_7_1.tif,531,1806,0.8081218020355073,0.7350427350427351,713,648.5210409745293,112.0927295203372,728.0729312762974,596.6267154620311,1.2203156721074306
CSA_screen__screen_20250125_171958__plate2_A01_7_1.tif,532,942,0.9820002574574517,0.5980952380952381,411,711.9946921443736,152.49717888679004,787.7542579075425,653.3559322033898,1.2057046076721234
CSA_screen__screen_20250125_171958__plate2_A01_7_1.tif,533,1261,0.8592429254248718,0.905240488155061,818,516.0785091197463,97.75120641987066,550.5586797066014,452.41083521444693,1.2169440624595818
CSA_screen__screen_20250125_171958__plate2_A01_7_1.tif,534,991,0.7093300159199457,0.8848214285714285,670,479.2108980827447,102.07319608265166,508.93283582089555,417.17445482866043,1.219952060655108
CSA_screen__screen_20250125_171958__plate2_A01_7_1.tif,535,1550,0.7282180147008521,0.8266666666666667,1043,551.2361290322581,137.19158155488893,597.150527325024,456.7810650887574,1.307301403154685
CSA_screen__screen_20250125_171958__plate2_A01_7_1.tif,536,3750,0.728391883500725,0.8569469835466179,742,702.3597333333333,124.14688904114978,813.544474393531,674.9331781914893,1.205370399145966
CSA_screen__screen_20250125_171958__plate2_A01_7_1.tif,537,2277,0.7148162000827771,0.8925911407291258,811,835.0206411945543,209.96515179191553,960.9321824907522,765.3656207366985,1.2555204420676906
CSA_screen__screen_20250125_171958__plate2_A01_7_1.tif,538,1156,0.8876399832814929,0.8493754592211609,698,565.1297577854672,87.00267732592513,594.2335243553009,520.7751091703057,1.1410559258525788
CSA_screen__screen_20250125_171958__plate2_A01_7_1.tif,539,933,0.7929780759023111,0.941473259334006,617,468.1596998928189,59.55104635421672,474.84602917341977,455.1044303797468,1.0433781731748915
CSA_screen__screen_20250125_171958__plate2_A01_7_1.tif,540,2189,0.6806022370144826,0.9517391304347826,611,643.1155778894472,114.05585929756913,705.620294599018,618.9138149556401,1.1400945940261369
CSA_screen__screen_20250125_171958__plate2_A01_7_1.tif,541,1168,0.9445599815126408,0.9621087314662273,397,895.9032534246576,242.7083980752717,986.3324937027708,849.3398184176394,1.1612931271023597
CSA_screen__screen_20250125_171958__plate2_A01_7_1.tif,542,1327,0.8702512502186835,0.7335544499723604,721,591.2697814619443,172.3650185999265,672.9153952843274,494.1303630363036,1.3618175397063963
CSA_screen__screen_20250125_171958__plate2_A01_7_1.tif,543,1374,0.8602521591274314,0.9057350032959789,565,627.4082969432314,115.26071941110968,706.1752212389381,572.3980222496909,1.2337135940188328
CSA_screen__screen_20250125_171958__plate2_A01_7_1.tif,544,503,0.4327152513129185,0.9195612431444241,308,508.7554671968191,75.4758914079685,542.422077922078,455.57948717948716,1.190620063427871
CSA_screen__screen_20250125_171958__plate2_A01_7_1.tif,545,283,0.9309793179659787,0.9188311688311688,202,504.39929328621906,79.60724881004742,517.6089108910891,471.4567901234568,1.0978925783538864
CSA_screen__screen_20250125_171958__plate2_A01_7_1.tif,546,1621,0.7431757257512471,0.7671557027922385,793,398.95064774830354,108.15753827467788,428.7414880201765,370.4190821256039,1.1574497878454229
CSA_screen__screen_20250125_171958__plate2_A01_7_1.tif,547,3308,0.7112443955864569,0.9181237857341105,588,648.975816203144,160.62976505741116,838.3027210884354,608.0477941176471,1.3786789939842095
CSA_screen__screen_20250125_171958__plate2_A01_7_1.tif,548,1516,0.8387374784449624,0.9221411192214112,703,966.7394459102902,392.55493883117606,1276.4722617354196,698.9138991389914,1.8263655413176587
CSA_screen__screen_20250125_171958__plate2_A01_7_1.tif,549,2884,0.7338216043884792,0.8882044964582692,1359,476.7160194174757,83.26002503208602,496.40691685062546,459.16852459016394,1.0810996186938098
CSA_screen__screen_20250125_171958__plate2_A01_7_1.tif,550,1283,0.5423055069777266,0.8407601572739187,684,460.91426344505066,71.60783783077711,466.23538011695905,454.8380634390651,1.025057965887283
CSA_screen__screen_20250125_171958__plate2_A01_7_1.tif,551,971,0.7397362392613777,0.7907166123778502,496,564.4469618949537,93.54578351440531,603.6653225806451,523.4947368421052,1.1531449699421155
CSA_screen__screen_20250125_171958__plate2_A01_7_1.tif,552,2172,0.6546744582322793,0.9317889317889317,720,660.7638121546961,153.6688186247024,824.0527777777778,579.7940771349862,1.421285263640118
CSA_screen__screen_20250125_171958__plate2_A01_7_1.tif,553,1789,0.4942620373976072,0.9366492146596859,441,678.9586361095584,168.86558822332665,888.1224489795918,610.5304154302671,1.4546735535750395
CSA_screen__screen_20250125_171958__plate2_A01_7_1.tif,554,1671,0.8569074131719165,0.9532230462065031,526,661.4500299222022,128.95814057764585,764.4923954372623,614.1135371179039,1.2448714272365684
CSA_screen__screen_20250125_171958__plate2_A01_7_1.tif,555,357,0.8974993357462533,0.9622641509433962,283,966.0084033613446,155.8939970131424,918.982332155477,1145.8513513513512,0.8020083329933522
CSA_screen__screen_20250125_171958__plate2_A01_7_1.tif,556,1075,0.9046101271963145,0.7887013939838592,669,938.0716279069768,268.6696830503456,1051.1225710014949,751.7881773399015,1.398163209643369
CSA_screen__screen_20250125_171958__plate2_A01_7_1.tif,557,2650,0.7904615356999372,0.9337561663143058,394,713.8362264150943,152.6559838480889,838.6497461928934,692.0381205673759,1.2118548404606904
CSA_screen__screen_20250125_171958__plate2_A01_7_1.tif,558,1417,0.770507540502046,0.894006309148265,797,518.8440366972477,67.13038604983426,531.0740276035132,503.1225806451613,1.0555559381224937
CSA_screen__screen_20250125_171958__plate2_A01_7_1.tif,559,729,0.8127147181427143,0.6188455008488964,460,506.7681755829904,62.82808889350625,493.3152173913044,529.7732342007434,0.9311818445028798
CSA_screen__screen_20250125_171958__plate2_A01_7_1.tif,560,2217,0.9532805196622839,0.7517802644964394,606,522.6039693279206,123.09039383379489,476.8580858085809,539.8119180633147,0.8833782098020483
CSA_screen__screen_20250125_171958__plate2_A01_7_1.tif,561,417,0.3656728284242234,0.8597938144329897,287,642.7721822541967,231.00328232386317,771.9895470383275,357.5,2.15941132038693
CSA_screen__screen_20250125_171958__plate2_A01_7_1.tif,562,1604,0.6247719327205272,0.841994750656168,765,604.9152119700748,88.78045460695115,647.2091503267974,566.3516090584029,1.142769156077486
CSA_screen__screen_20250125_171958__plate2_A01_7_1.tif,563,1246,0.8958273762661116,0.8373655913978495,433,606.6011235955057,103.10257152738414,689.6605080831408,562.3640836408364,1.22635944959032
CSA_screen__screen_20250125_171958__plate2_A01_7_1.tif,564,1101,0.7458621846129015,0.8843373493975903,407,658.4159854677566,144.14764191300117,775.1572481572482,589.9524495677233,1.3139317392871752
CSA_screen__screen_20250125_171958__plate2_A01_7_1.tif,565,1777,0.7742875819165889,0.8689486552567237,569,614.1086100168824,104.8351280502252,715.170474516696,566.5057947019867,1.26242393494477
CSA_screen__screen_20250125_171958__plate2_A01_7_1.tif,566,852,0.6848513792693693,0.8810754912099276,244,592.8497652582159,121.89777123229241,732.5122950819672,536.8009868421053,1.3645882050090723
CSA_screen__screen_20250125_171958__plate2_A01_7_1.tif,567,929,0.8805661615137504,0.8499542543458372,585,395.4015069967707,62.35364986205461,398.96581196581195,389.3401162790698,1.0247231027173236
CSA_screen__screen_20250125_171958__plate2_A01_7_1.tif,568,1505,0.8405555839261847,0.4004789781798829,284,832.6006644518272,235.5895735715786,957.4366197183099,803.5642915642916,1.191487264639991
CSA_screen__screen_20250125_171958__plate2_A01_7_1.tif,569,2665,0.5203811006610806,0.9145504461221688,438,829.2487804878049,216.57231182877004,976.0776255707763,800.370902559497,1.2195316227131554
CSA_screen__screen_20250125_171958__plate2_A01_7_1.tif,570,1503,0.833402479994635,0.9597701149425287,563,634.1683300066534,124.58856950660498,723.0337477797514,580.9436170212766,1.2445850622940415
CSA_screen__screen_20250125_171958__plate2_A01_7_1.tif,571,3723,0.8239179289461078,0.6991549295774648,274,716.3599247918345,208.91199016550587,881.1277372262774,703.2702232531168,1.2529006747227904
CSA_screen__screen_20250125_171958__plate2_A01_7_1.tif,572,576,0.942415836822273,0.9696969696969697,276,837.1475694444445,104.08892479474332,836.2028985507246,838.0166666666667,0.9978356419530932
CSA_screen__screen_20250125_171958__plate2_A01_7_1.tif,573,4992,0.6656545215175708,0.8629213483146068,858,663.6636618589744,138.52441690972944,850.7435897435897,624.8357522980165,1.3615475532805719
CSA_screen__screen_20250125_171958__plate2_A01_7_1.tif,574,3455,0.3744074006329531,0.9159597030752916,905,608.1015918958032,99.64487644243697,672.8486187845303,585.1227450980392,1.1499273005902246
CSA_screen__screen_20250125_171958__plate2_A01_7_1.tif,575,839,0.6170879032679722,0.8622816032887975,440,510.8164481525626,58.56420468460474,536.5090909090909,482.48370927318297,1.111973483451477
CSA_screen__screen_20250125_171958__plate2_A01_7_1.tif,576,1632,0.7908905827126562,0.8913162206444566,370,604.8700980392157,132.67913450623547,768.972972972973,556.757527733756,1.381163135957992
CSA_screen__screen_20250125_171958__plate2_A01_7_1.tif,577,1036,0.44565199386581633,0.8662207357859532,487,506.57239382239385,72.98070281295394,524.3039014373717,490.8433515482696,1.0681695082220373
CSA_screen__screen_20250125_171958__plate2_A01_7_1.tif,578,1825,0.7601401222960179,0.853601496725912,603,580.188493150685,90.95543740546694,666.9469320066335,537.3772504091653,1.2411149364786327
CSA_screen__screen_20250125_171958__plate2_A01_7_1.tif,579,3865,0.7873893895298595,0.8959202596198423,270,795.6926261319534,211.68521678763528,860.9444444444445,790.7919332406119,1.0887117182851782
CSA_screen__screen_20250125_171958__plate2_A01_7_1.tif,580,3707,0.7702913678048615,0.8100961538461539,700,605.8108983005126,113.27964976272884,731.8771428571429,576.4639175257732,1.269597490157606
CSA_screen__screen_20250125_171958__plate2_A01_7_1.tif,581,4845,0.8854482318169453,0.8163437236731256,606,778.364705882353,222.57942150649117,821.546204620462,772.1915546119368,1.063915034700591
CSA_screen__screen_20250125_171958__plate2_A01_7_1.tif,582,1011,0.6191502993057934,0.8618925831202046,543,1317.373887240356,703.8481598450993,1676.219152854512,901.0213675213676,1.860354496881297
CSA_screen__screen_20250125_171958__plate2_A01_7_1.tif,583,875,0.6049591587261476,0.8637709772951628,499,544.6091428571428,102.26463333280904,576.6693386773547,502.06117021276594,1.148603741717311
CSA_screen__screen_20250125_171958__plate2_A01_7_1.tif,584,504,0.7692608256639646,0.8888888888888888,324,690.2261904761905,170.52463522559097,772.7654320987655,541.6555555555556,1.4266731397339205
CSA_screen__screen_20250125_171958__plate2_A01_7_1.tif,585,747,0.8127066996010945,0.9032648125755743,522,699.4203480589023,205.26476848614985,805.1187739463602,454.2,1.7726084851306918
CSA_screen__screen_20250125_171958__plate2_A01_7_1.tif,586,1221,0.7592879287243716,0.8205645161290323,601,689.5601965601966,174.2781927638,765.4492512479202,615.9967741935484,1.2426189280780442
CSA_screen__screen_20250125_171958__plate2_A01_7_1.tif,587,746,0.8649164722396742,0.6985018726591761,478,842.3297587131367,164.60485986719496,916.5460251046026,709.9589552238806,1.2909845257400496
CSA_screen__screen_20250125_171958__plate2_A01_7_1.tif,588,1574,0.7857486912571351,0.7985794013191273,549,572.4205844980941,89.22460548698959,642.9799635701276,534.6282926829268,1.2026672968305872
CSA_screen__screen_20250125_171958__plate2_A01_7_1.tif,589,832,0.6143329852063347,0.9112814895947426,268,575.8762019230769,102.6747469654577,671.7276119402985,530.3297872340426,1.2666224453348591
CSA_screen__screen_20250125_171958__plate2_A01_7_1.tif,590,630,0.694678949876542,0.9143686502177069,267,582.8761904761905,109.21243564619023,669.8838951310861,518.8787878787879,1.2910219318650844
CSA_screen__screen_20250125_171958__plate2_A01_7_1.tif,591,912,0.5367316276017923,0.8949950932286556,472,568.7171052631579,104.99700817144186,605.5911016949152,529.1613636363636,1.144435598119506
CSA_screen__screen_20250125_171958__plate2_A01_7_1.tif,592,709,0.7793352434226112,0.9195849546044098,419,461.05641748942173,82.06718963979675,484.72076372315036,426.86551724137934,1.1355350670057887
CSA_screen__screen_20250125_171958__plate2_A01_7_1.tif,593,589,0.6619313749240749,0.9608482871125612,391,434.9015280135823,84.22905435172626,469.0332480818414,367.5,1.2762809471614731
CSA_screen__screen_20250125_171958__plate2_A01_7_1.tif,594,1217,0.7800073715109668,0.7697659709044908,299,528.6803615447823,65.33115605302785,594.695652173913,507.17864923747277,1.1725565598394556
CSA_screen__screen_20250125_171958__plate2_A01_7_1.tif,595,1261,0.930255105951521,0.8098908156711625,372,693.4155432196669,194.9312415740388,679.2311827956989,699.3509561304837,0.9712307916956207
CSA_screen__screen_20250125_171958__plate2_A01_7_1.tif,596,1643,0.7894577564842186,0.9235525576166386,899,467.3043213633597,76.43533357483619,491.90211345939935,437.5819892473118,1.1241370201399834
CSA_screen__screen_20250125_171958__plate2_A01_7_1.tif,597,1244,0.7520104644487114,0.9047272727272727,497,618.548231511254,113.63778732926428,635.307847082495,607.3975903614457,1.0459505555569304
CSA_screen__screen_20250125_171958__plate2_A01_7_1.tif,598,660,0.529956490166586,0.9153952843273232,385,623.3227272727273,109.46491245704557,689.1844155844155,531.1163636363636,1.2976147277139354
CSA_screen__screen_20250125_171958__plate2_A01_7_1.tif,599,1991,0.6556334928113415,0.9033575317604355,471,685.6107483676544,153.2065198834536,783.1125265392782,655.3980263157895,1.1948655551213885
CSA_screen__screen_20250125_171958__plate2_A01_7_1.tif,600,1186,0.8810904976931977,0.6509330406147091,712,547.7293423271501,103.87389438632124,578.3665730337078,501.7088607594937,1.1527932198729132
CSA_screen__screen_20250125_171958__plate2_A01_7_1.tif,601,1867,0.8709979704290967,0.7890955198647507,628,567.9287627209427,82.35159681731749,598.0095541401274,552.682001614205,1.082013802500417
CSA_screen__screen_20250125_171958__plate2_A01_7_1.tif,602,787,0.7321475040461168,0.9035591274397244,503,537.1778907242693,105.47328497818636,550.910536779324,512.8556338028169,1.0742019790137247
CSA_screen__screen_20250125_171958__plate2_A01_7_1.tif,603,548,0.46188992272369694,0.8852988691437803,356,532.2828467153284,86.68109138430967,561.6573033707865,477.8177083333333,1.175463557702565
CSA_screen__screen_20250125_171958__plate2_A01_7_1.tif,604,1494,0.818710932014096,0.934918648310388,611,523.239625167336,83.0569965032001,526.1489361702128,521.2265005662514,1.0094439473023988
CSA_screen__screen_20250125_171958__plate2_A01_7_1.tif,605,1820,0.957816833599869,0.937178166838311,606,524.856043956044,90.43603860660423,584.1798679867986,495.24299835255357,1.1795822857265974
CSA_screen__screen_20250125_171958__plate2_A01_7_1.tif,606,1752,0.9853486105657233,0.8111111111111111,275,822.0667808219179,165.57753358194407,855.1745454545454,815.9025050778605,1.0481332513777946
CSA_screen__screen_20250125_171958__plate2_A01_7_1.tif,607,2508,0.6527177418383776,0.7606915377616015,462,863.005980861244,334.69014980383355,1381.3722943722944,745.955522971652,1.8518158949602543
CSA_screen__screen_20250125_171958__plate2_A01_7_1.tif,608,443,0.7170542567138702,0.9345991561181435,386,742.0993227990971,148.40487927852078,770.6010362694301,549.0877192982456,1.4034206360584547
CSA_screen__screen_20250125_171958__plate2_A01_7_1.tif,609,623,0.7518834678146363,0.9764890282131662,332,652.1476725521669,272.2559590638685,842.222891566265,435.2920962199313,1.9348453575888775
CSA_screen__screen_20250125_171958__plate2_A01_7_1.tif,610,868,0.5834419233050476,0.9313304721030042,518,532.4216589861751,61.86485263635412,532.1640926640927,532.8028571428572,0.9988011241490147
CSA_screen__screen_20250125_171958__plate2_A01_7_1.tif,611,626,0.6556622518727038,0.9528158295281582,353,457.99840255591056,70.10474817227443,468.9660056657224,443.8168498168498,1.0566656174934568
CSA_screen__screen_20250125_171958__plate2_A01_7_1.tif,612,1489,0.881702792030434,0.845542305508234,456,534.8979180658159,78.72685086663958,565.0723684210526,521.5779283639883,1.0833901085375515
CSA_screen__screen_20250125_171958__plate2_A01_7_1.tif,613,383,0.6871519211036261,0.8969555035128806,225,515.0365535248042,64.72152615965668,528.5688888888889,495.76582278481015,1.0661664531851303
CSA_screen__screen_20250125_171958__plate2_A01_7_1.tif,614,464,0.843904080708518,0.8957528957528957,287,1941.8922413793102,701.6921060293765,2198.094076655052,1526.4689265536724,1.4399861264242804
CSA_screen__screen_20250125_171958__plate2_A01_7_1.tif,615,473,0.8383111090264698,0.9078694817658349,420,1068.1649048625793,135.78163928707616,1095.4357142857143,852.0566037735849,1.2856372562975897
CSA_screen__screen_20250125_171958__plate2_A01_7_1.tif,616,1050,0.7958691430012926,0.7829977628635347,560,501.8438095238095,79.95863445296428,500.775,503.065306122449,0.9954472986020397
CSA_screen__screen_20250125_171958__plate2_A01_7_1.tif,617,1102,0.6720391150367732,0.9346904156064462,567,754.2168784029038,159.04601933668022,803.6331569664903,701.8448598130841,1.1450296254652554
CSA_screen__screen_20250125_171958__plate2_A01_7_1.tif,618,443,0.8566334088055917,0.9630434782608696,261,668.0158013544018,153.4323689761714,755.0842911877395,543.1538461538462,1.3901849292509012
CSA_screen__screen_20250125_171958__plate2_A01_7_1.tif,619,219,0.8644763835553199,0.9776785714285714,177,751.8264840182649,195.539803214237,820.9378531073446,460.57142857142856,1.782433303893118
CSA_screen__screen_20250125_171958__plate2_A01_7_1.tif,620,510,0.50009971392729,0.9497206703910615,287,455.01372549019607,82.88597061829226,485.30313588850174,416.03139013452915,1.166506055544445
CSA_screen__screen_20250125_171958__plate2_A01_7_1.tif,621,772,0.9045693006569996,0.9323671497584541,489,447.3756476683938,88.17874467909805,487.76687116564415,377.58303886925796,1.291813511079184
CSA_screen__screen_20250125_171958__plate2_A01_7_1.tif,622,907,0.6998653554511586,0.9389233954451346,367,555.4597574421168,124.42215403945424,570.7220708446866,545.087037037037,1.0470292486627375
CSA_screen__screen_20250125_171958__plate2_A01_7_1.tif,623,940,0.8745464500819333,0.9261083743842364,567,744.8946808510639,155.8065445782326,780.7125220458554,690.4477211796246,1.1307337226227845
CSA_screen__screen_20250125_171958__plate2_A01_7_1.tif,624,546,0.6445803188726882,0.7027027027027027,291,507.07142857142856,91.6287122319483,505.79725085910655,508.5254901960784,0.994634999838612
CSA_screen__screen_20250125_171958__plate2_A01_7_1.tif,625,735,0.518505888740706,0.9315589353612167,333,692.756462585034,142.0322633023188,795.4624624624624,607.679104477612,1.3090173030489132
CSA_screen__screen_20250125_171958__plate2_A01_7_1.tif,626,2217,0.8576526155910638,0.8928715263793798,397,547.2070365358593,68.85314780833802,604.2115869017632,534.7725274725275,1.1298478434511634
CSA_screen__screen_20250125_171958__plate2_A01_7_1.tif,627,1250,0.9313559823140382,0.859697386519945,477,1221.7312,384.78388082995366,1592.9559748427673,992.6571798188875,1.6047392868637749
CSA_screen__screen_20250125_171958__plate2_A01_7_1.tif,628,1906,0.8210770205751119,0.7557494052339413,471,665.406610703043,159.08726062620283,800.5286624203821,621.0564459930314,1.288978912601713
CSA_screen__screen_20250125_171958__plate2_A01_7_1.tif,629,1721,0.7713734919118707,0.9242749731471536,561,565.3637420104591,104.2677471771371,633.8912655971479,532.2224137931034,1.1910270014362216
CSA_screen__screen_20250125_171958__plate2_A01_7_1.tif,630,406,0.5149083976666833,0.8806941431670282,235,693.5665024630542,121.79286405638827,756.2468085106383,607.4269005847954,1.2450005223386844
CSA_screen__screen_20250125_171958__plate2_A01_7_1.tif,631,1549,0.8005271396459599,0.8473741794310722,465,550.8043899289864,78.81124425412571,604.1182795698925,527.9345018450184,1.144305358825059
CSA_screen__screen_20250125_171958__plate2_A01_7_1.tif,632,526,0.760669249656263,0.8840336134453781,295,469.6920152091255,99.38942980788194,507.43728813559323,421.4891774891775,1.2039153440627135
CSA_screen__screen_20250125_171958__plate2_A01_7_1.tif,633,691,0.5575442317742879,0.8562577447335812,452,497.5658465991317,107.76062711119306,534.1194690265487,428.43514644351467,1.246675193341001
CSA_screen__screen_20250125_171958__plate2_A01_7_1.tif,634,761,0.7223148532257476,0.8657565415244596,492,440.53219448094615,88.77094401303907,466.859756097561,392.3791821561338,1.1898178530577348
CSA_screen__screen_20250125_171958__plate2_A01_7_1.tif,635,329,0.586890262573395,0.9676470588235294,228,1637.288753799392,917.6193885011139,2133.2675438596493,517.6534653465346,4.121034025014337
CSA_screen__screen_20250125_171958__plate2_A01_7_1.tif,636,776,0.7141264931861567,0.9054842473745625,416,594.2551546391752,86.06079635528586,631.6947115384615,550.9916666666667,1.1464687213148321
CSA_screen__screen_20250125_171958__plate2_A01_7_1.tif,637,1378,0.8288119948103825,0.9503448275862069,281,558.2256894049347,80.49418666005131,643.5693950177936,536.3646308113035,1.199872918623162
CSA_screen__screen_20250125_171958__plate2_A01_7_1.tif,638,822,0.422395385650299,0.9480968858131488,428,430.4428223844282,63.10701154311428,452.41121495327104,406.5786802030457,1.1127273440096184
CSA_screen__screen_20250125_171958__plate2_A01_7_1.tif,639,3815,0.864299957828211,0.6273639204078276,386,814.2930537352556,183.61514281939876,980.901554404145,795.5380577427821,1.2330039334476386
CSA_screen__screen_20250125_171958__plate2_A01_7_1.tif,640,1273,0.8811518742507534,0.6685924369747899,441,689.6362922230951,127.54857862134816,769.7868480725624,647.1526442307693,1.1894981113575775
CSA_screen__screen_20250125_171958__plate2_A01_7_1.tif,641,446,0.806164721820234,0.948936170212766,247,496.10538116591925,81.45983145972401,535.7975708502024,446.8391959798995,1.1990836427749383
CSA_screen__screen_20250125_171958__plate2_A01_7_1.tif,642,1522,0.7309089550429209,0.843213296398892,552,595.1314060446781,131.79174059909323,730.2463768115942,518.241237113402,1.4090858166344664
CSA_screen__screen_20250125_171958__plate2_A01_7_1.tif,643,1231,0.7730720675476982,0.9262603461249059,381,702.8822095857026,153.31871605396708,833.3517060367454,644.4011764705882,1.2932187842999403
CSA_screen__screen_20250125_171958__plate2_A01_7_1.tif,644,544,0.8348221180966485,0.8991735537190083,274,679.3161764705883,130.11513296522082,751.4306569343066,606.1333333333333,1.239711818523383
CSA_screen__screen_20250125_171958__plate2_A01_7_1.tif,645,1348,0.7672728788776338,0.7938751472320377,184,562.0927299703264,92.60908800743063,640.570652173913,549.6872852233677,1.165336491117153
CSA_screen__screen_20250125_171958__plate2_A01_7_1.tif,646,1065,0.8115961126349704,0.9125964010282777,560,379.0319248826291,64.8716386199223,387.85535714285714,369.2475247524753,1.0503939258708792
CSA_screen__screen_20250125_171958__plate2_A01_7_1.tif,647,1206,0.7570624361048348,0.8061497326203209,340,585.0323383084577,97.66581655686758,650.3205882352942,559.3995381062356,1.162533294962771
CSA_screen__screen_20250125_171958__plate2_A01_7_1.tif,648,345,0.7969911402683095,0.9426229508196722,234,653.640579710145,125.64155861751257,706.5384615384615,542.1261261261261,1.3032732190702145
CSA_screen__screen_20250125_171958__plate2_A01_7_1.tif,649,2915,0.7881253431932312,0.9345944212888746,389,567.27512864494,75.5467375400307,655.5321336760926,553.6836896278702,1.1839469826475737
CSA_screen__screen_20250125_171958__plate2_A01_7_1.tif,650,457,0.468472879554035,0.8278985507246377,242,373.1903719912473,57.435311107419295,382.2685950413223,362.9720930232558,1.0531624948280258
CSA_screen__screen_20250125_171958__plate2_A01_7_1.tif,651,602,0.8810752787416117,0.8971684053651267,368,436.80232558139534,81.14129300059014,464.99184782608694,392.47008547008545,1.1847829045852953
CSA_screen__screen_20250125_171958__plate2_A01_7_1.tif,652,1138,0.7410648250358127,0.8204758471521268,235,549.9121265377856,99.73637136021891,600.9617021276596,536.6267995570321,1.1198876064776002
CSA_screen__screen_20250125_171958__plate2_A01_7_1.tif,653,885,0.6381123962980654,0.8575581395348837,379,504.45310734463277,62.349310354195936,504.155672823219,504.67588932806325,0.9989692067407125
CSA_screen__screen_20250125_171958__plate2_A01_7_1.tif,654,318,0.7858640829255895,0.8983050847457628,301,961.8584905660377,105.71931855012471,972.9102990033223,766.1764705882352,1.2698253422692114
CSA_screen__screen_20250125_171958__plate2_A01_7_1.tif,655,606,0.6690601899862224,0.4938875305623472,261,677.7574257425742,105.69096352853929,710.3295019157088,653.1159420289855,1.0876009238252282
CSA_screen__screen_20250125_171958__plate2_A01_7_1.tif,656,2167,0.5549224636421428,0.9348576358930112,297,674.7540378403322,161.7454743668528,892.003367003367,640.2497326203209,1.3932116197108049
CSA_screen__screen_20250125_171958__plate2_A01_7_1.tif,657,93,0.9324187037376277,0.6503496503496503,68,486.26881720430106,62.38781583985499,488.3235294117647,480.68,1.0159014924934773
CSA_screen__screen_20250125_171958__plate2_A01_7_1.tif,658,436,0.5213061987399161,0.8384615384615385,286,582.1651376146789,66.07009257779153,581.013986013986,584.36,0.9942740536894825
CSA_screen__screen_20250125_171958__plate2_A01_7_1.tif,659,803,0.7927101113357998,0.9283236994219654,361,480.0348692403487,61.83955683150872,487.41828254847644,474.00452488687785,1.0282987966513606
CSA_screen__screen_20250125_171958__plate2_A01_7_1.tif,660,2891,0.67373894332194,0.8814024390243902,410,546.1995849187133,71.16244817019155,601.2073170731708,537.1092301491334,1.1193390158389942
CSA_screen__screen_20250125_171958__plate2_A01_7_1.tif,661,1631,0.9278667109744757,0.79638671875,288,540.2158185162477,122.99800866697248,533.0416666666666,541.7542814594192,0.9839177739965768
CSA_screen__screen_20250125_171958__plate2_A01_7_1.tif,662,1097,0.6129660645596966,0.9013968775677896,505,421.7894257064722,62.595038824571276,434.9940594059406,410.5253378378378,1.059603438114137
CSA_screen__screen_20250125_171958__plate2_A01_7_1.tif,663,1427,0.8871929988238895,0.8234275822273515,292,787.0567624386825,226.06054097647151,847.1232876712329,771.6035242290749,1.0978737927844633
CSA_screen__screen_20250125_171958__plate2_A01_7_1.tif,664,2600,0.7846649813158134,0.8810572687224669,419,718.3442307692308,199.9720027648693,904.6014319809069,682.5616689591931,1.325303592509512
CSA_screen__screen_20250125_171958__plate2_A01_7_1.tif,665,1893,0.8822219060830614,0.7593261131167268,360,604.5853143159006,109.51549512438473,716.7972222222222,578.2341813437704,1.2396313558573142
CSA_screen__screen_20250125_171958__plate2_A01_7_1.tif,666,441,0.8808504975621594,0.6743119266055045,261,1229.1678004535147,275.17864567540767,1392.4137931034484,992.4611111111111,1.4029907847417515
CSA_screen__screen_20250125_171958__plate2_A01_7_1.tif,667,863,0.9160489171673076,0.7824116047144152,272,614.4078794901507,170.61522656160892,788.8970588235294,534.1015228426396,1.4770545019695802
CSA_screen__screen_20250125_171958__plate2_A01_7_1.tif,668,302,0.3254783944790714,0.94375,179,463.7251655629139,61.527686890632104,477.92737430167597,443.0569105691057,1.078704254240791
CSA_screen__screen_20250125_171958__plate2_A01_7_1.tif,669,1004,0.842554362317025,0.8415758591785415,308,502.79980079681275,67.48659863985037,516.672077922078,496.6609195402299,1.0402913891440722
CSA_screen__screen_20250125_171958__plate2_A01_7_1.tif,670,763,0.7476219747299525,0.8872093023255814,341,444.9384010484928,68.10690564203264,445.5865102639296,444.41469194312793,1.0026367677352837
CSA_screen__screen_20250125_171958__plate2_A01_7_1.tif,671,636,0.9169060282340618,0.7386759581881533,355,633.6525157232704,91.01897139634404,662.4338028169014,597.2918149466192,1.1090622476989813
CSA_screen__screen_20250125_171958__plate2_A01_7_1.tif,672,2213,0.6061243826100884,0.7379126375458486,273,671.4681427925892,153.52278305919546,812.6483516483516,651.601030927835,1.2471563319830792
CSA_screen__screen_20250125_171958__plate2_A01_7_1.tif,673,314,0.7640609231785231,0.9262536873156342,159,739.4745222929936,210.94872362867704,878.5408805031446,596.8193548387097,1.4720381860614593
CSA_screen__screen_20250125_171958__plate2_A01_7_1.tif,674,325,0.6878266664545009,0.9730538922155688,203,686.0523076923076,93.33077834767182,710.9211822660099,644.672131147541,1.1027639445194304
CSA_screen__screen_20250125_171958__plate2_A01_7_1.tif,675,788,0.4255639331088753,0.9392133492252682,330,1197.1256345177665,587.0300805190839,1742.6515151515152,804.061135371179,2.167312208600972
CSA_screen__screen_20250125_171958__plate2_A01_7_1.tif,676,502,0.9190710213215435,0.522372528616025,334,842.609561752988,164.3850878873393,897.556886227545,733.3690476190476,1.2238816038685418
CSA_screen__screen_20250125_171958__plate2_A01_7_1.tif,677,739,0.5733871113448359,0.8397727272727272,413,1120.9621109607579,493.3679824310667,1460.2832929782082,691.0858895705521,2.113027215597823
CSA_screen__screen_20250125_171958__plate2_A01_7_1.tif,678,439,0.8350784728315027,0.9481641468682506,239,383.76537585421414,75.54860605159682,416.0418410041841,345.195,1.2052371587195183
CSA_screen__screen_20250125_171958__plate2_A01_7_1.tif,679,555,0.6017380763169633,0.8234421364985163,328,427.35495495495496,61.48570585915047,416.4664634146341,443.08810572687224,0.93991794866945
CSA_screen__screen_20250125_171958__plate2_A01_7_1.tif,680,475,0.7783731635927227,0.9424603174603174,202,392.73894736842107,91.2402223107387,393.5,392.1758241758242,1.0033764850930285
CSA_screen__screen_20250125_171958__plate2_A01_7_1.tif,681,477,0.8247315984314999,0.9520958083832335,304,507.67505241090146,117.81128206860853,562.578947368421,411.1965317919075,1.3681510029202362
CSA_screen__screen_20250125_171958__plate2_A01_7_1.tif,682,478,0.7371084503591281,0.9637096774193549,251,496.14435146443515,75.02854463425936,510.0199203187251,480.80176211453744,1.0607696570738177
CSA_screen__screen_20250125_171958__plate2_A01_7_1.tif,683,3745,0.8743945426849251,0.8581576535288726,252,620.6299065420561,116.85491677956341,724.4801587301587,613.1377039793873,1.1815945325628099
CSA_screen__screen_20250125_171958__plate2_A01_7_1.tif,684,758,0.6655001798866448,0.8722669735327964,212,597.6503957783641,97.47414483570942,693.2641509433962,560.525641025641,1.2368107722509756
CSA_screen__screen_20250125_171958__plate2_A01_7_1.tif,685,305,0.6740421614886719,0.9023668639053254,273,730.0459016393443,73.4466988037628,731.8571428571429,714.59375,1.024158331719446
CSA_screen__screen_20250125_171958__plate2_A01_7_1.tif,686,302,0.8367199801391929,0.949685534591195,186,468.19867549668874,91.98196770210807,506.8225806451613,406.26724137931035,1.2475103306987227
CSA_screen__screen_20250125_171958__plate2_A01_7_1.tif,687,206,0.776374641397461,0.958139534883721,135,529.0339805825242,94.04349236906559,563.2888888888889,463.90140845070425,1.2142426787840759
CSA_screen__screen_20250125_171958__plate2_A01_7_1.tif,688,502,0.7828530240673199,0.9279112754158965,314,466.13346613545815,55.171555293320424,479.86624203821657,443.1968085106383,1.0827384873343422
CSA_screen__screen_20250125_171958__plate2_A01_7_1.tif,689,549,0.5254137585526392,0.8926829268292683,304,521.3897996357013,76.23184585317397,524.0394736842105,518.1020408163265,1.0114599681146381
CSA_screen__screen_20250125_171958__plate2_A01_7_1.tif,690,439,0.7798652839621977,0.8832997987927566,251,597.8473804100228,80.65905598990919,636.4501992031873,546.3085106382979,1.165001435653216
CSA_screen__screen_20250125_171958__plate2_A01_7_1.tif,691,734,0.8530203268462326,0.4622166246851385,280,645.2207084468665,103.02394000528226,648.3571428571429,643.2863436123348,1.0078826471215498
CSA_screen__screen_20250125_171958__plate2_A01_7_1.tif,692,342,0.9827306866540299,0.6758893280632411,212,910.9327485380117,161.75905709809345,929.1556603773585,881.2153846153847,1.0544024498424955
CSA_screen__screen_20250125_171958__plate2_A01_7_1.tif,693,450,0.8515567934491727,0.8637236084452975,190,1414.6977777777777,551.1398993556251,1785.821052631579,1143.4923076923078,1.561725462093891
CSA_screen__screen_20250125_171958__plate2_A01_7_1.tif,694,245,0.9560428475343145,0.8566433566433567,135,627.869387755102,100.55811235723175,696.3925925925926,543.7727272727273,1.280668480902536
CSA_screen__screen_20250125_171958__plate2_A01_7_1.tif,695,337,0.796524374707769,0.9519774011299436,217,766.0445103857567,134.23017491826556,837.963133640553,635.9916666666667,1.3175693606685932
CSA_screen__screen_20250125_171958__plate2_A01_7_1.tif,696,287,0.7393906241928071,0.9169329073482428,176,655.4912891986063,122.14727684723515,714.1306818181819,562.5135135135135,1.2695351572225402
CSA_screen__screen_20250125_171958__plate2_A01_7_1.tif,697,5233,0.9013304347762986,0.7478919536944405,266,652.5429008217084,127.30847368332397,813.9323308270676,643.899939601369,1.2640664810917106
CSA_screen__screen_20250125_171958__plate2_A01_7_1.tif,698,476,0.7937126747009582,0.8930581613508443,283,517.2878151260504,70.23561142350117,546.7491166077739,474.0880829015544,1.1532648390179168
CSA_screen__screen_20250125_171958__plate2_A01_7_1.tif,699,1331,0.7728020483500638,0.9268802228412256,187,580.8031555221638,104.05914354073052,723.3262032085562,557.5061188811189,1.2974318643537548
CSA_screen__screen_20250125_171958__plate2_A01_7_1.tif,700,505,0.7588287660299162,0.8676975945017182,333,530.1366336633663,98.9601937402278,565.4144144144144,461.83720930232556,1.224272109361993
CSA_screen__screen_20250125_171958__plate2_A01_7_1.tif,701,1435,0.7655159793980374,0.7867324561403509,251,516.8550522648084,79.84946573589188,547.808764940239,510.2930743243243,1.0735179301925448
CSA_screen__screen_20250125_171958__plate2_A01_7_1.tif,702,5331,0.93474563248927,0.7672711571675302,429,665.25511161133,157.10202944229627,847.6177156177156,649.295593635251,1.3054419649948745
CSA_screen__screen_20250125_171958__plate2_A01_7_1.tif,703,1170,0.7430950065717399,0.9717607973421927,249,727.0470085470085,222.96380530022623,878.3975903614457,686.128121606949,1.2802238571772737
CSA_screen__screen_20250125_171958__plate2_A01_7_1.tif,704,2965,0.5530635776836546,0.7983306408185245,209,671.1069139966273,155.48592938109184,861.3684210526316,656.6785195936139,1.3117048835184835
CSA_screen__screen_20250125_171958__plate2_A01_7_1.tif,705,446,0.8067661645507053,0.9369747899159664,206,599.1434977578475,114.9095844229279,688.3446601941747,522.5791666666667,1.317206471480413
CSA_screen__screen_20250125_171958__plate2_A01_7_1.tif,706,493,0.6383308943987348,0.9012797074954296,271,524.6247464503043,71.50831634486505,548.7011070110701,495.23423423423424,1.1079627963513268
CSA_screen__screen_20250125_171958__plate2_A01_7_1.tif,707,1037,0.7050998317934078,0.9217777777777778,297,691.0945033751206,139.34621673476613,728.2390572390573,676.1864864864865,1.0769796081300584
CSA_screen__screen_20250125_171958__plate2_A01_7_1.tif,708,324,0.9343876082201524,0.8079800498753117,129,749.5308641975308,96.69113182359195,798.2093023255813,717.3282051282051,1.1127532649896579
CSA_screen__screen_20250125_171958__plate2_A01_7_1.tif,709,172,0.7986454409949408,0.9398907103825137,119,473.1453488372093,73.62394099522933,504.3781512605042,403.0188679245283,1.2515000944197903
CSA_screen__screen_20250125_171958__plate2_A01_7_1.tif,710,739,0.69612748833159,0.7929184549356223,361,495.7699594046008,70.29515286060085,508.0747922437673,484.01851851851853,1.049701143251461
CSA_screen__screen_20250125_171958__plate2_A01_7_1.tif,711,875,0.8704915029959724,0.7231404958677686,211,538.6982857142857,93.17210095871631,639.0995260663507,506.7936746987952,1.2610645277808359
CSA_screen__screen_20250125_171958__plate2_A01_7_1.tif,712,816,0.48474510624480355,0.8793103448275862,156,549.6470588235294,76.48771489961749,658.6282051282051,523.8878787878788,1.2571930594234695
CSA_screen__screen_20250125_171958__plate2_A01_7_1.tif,713,2548,0.687331166328642,0.776829268292683,217,721.2994505494505,298.75228927167575,1480.2396313364056,650.6473616473617,2.2750259489082
CSA_screen__screen_20250125_171958__plate2_A01_7_1.tif,714,1894,0.7248698073365603,0.9239024390243903,384,739.8880675818374,193.80262751589055,942.28125,688.4185430463576,1.368762157146815
CSA_screen__screen_20250125_171958__plate2_A01_7_1.tif,715,276,0.8278112558799828,0.9078947368421053,166,613.0833333333334,59.48587347019524,617.4156626506024,606.5454545454545,1.0179215061685591
CSA_screen__screen_20250125_171958__plate2_A01_7_1.tif,716,1220,0.5996585776248948,0.9111277072442121,210,529.5442622950819,71.61621650910318,577.3047619047619,519.6138613861386,1.1110264848684466
CSA_screen__screen_20250125_171958__plate2_A01_7_1.tif,717,966,0.67138605163907,0.7892156862745098,407,418.1780538302277,89.74194298074806,409.7149877149877,424.33989266547405,0.9655349280063664
CSA_screen__screen_20250125_171958__plate2_A01_7_1.tif,718,336,0.43517823788338167,0.9824561403508771,151,642.3660714285714,129.02140802907252,749.4834437086092,554.9351351351352,1.350578466303271
CSA_screen__screen_20250125_171958__plate2_A01_7_1.tif,719,3427,0.9343249191993106,0.5326391047559839,250,869.1216807703531,323.1295186246082,1533.728,816.823418319169,1.8776738834888604
CSA_screen__screen_20250125_171958__plate2_A01_7_1.tif,720,486,0.9156344051476748,0.9187145557655955,201,890.1604938271605,221.8589784987231,1033.7810945273632,788.8701754385964,1.3104578252722014
CSA_screen__screen_20250125_171958__plate2_A01_7_1.tif,721,916,0.8176770882485499,0.899803536345776,182,971.4126637554585,361.8593028182858,1276.5054945054944,895.7629427792915,1.425048339848565
CSA_screen__screen_20250125_171958__plate2_A01_7_1.tif,722,972,0.9382007522113617,0.9690927218344965,308,928.8055555555555,254.22128789730536,1044.5454545454545,875.1189759036145,1.1936039365012017
CSA_screen__screen_20250125_171958__plate2_A01_7_1.tif,723,316,0.8238600576138014,0.9404761904761905,173,416.00949367088606,78.88115904094187,454.21965317919074,369.7832167832168,1.228340369610323
CSA_screen__screen_20250125_171958__plate2_A01_7_1.tif,724,423,0.667069316279299,0.9337748344370861,244,428.8628841607565,81.59998793748642,464.0409836065574,380.9106145251397,1.218241146115216
CSA_screen__screen_20250125_171958__plate2_A01_7_1.tif,725,399,0.8117379873533604,0.9366197183098591,198,488.5187969924812,81.0670320275807,526.6414141414141,450.9651741293532,1.1678094991662353
CSA_screen__screen_20250125_171958__plate2_A01_7_1.tif,726,2639,0.8551525983855591,0.8345983554712207,168,557.9810534293293,108.68790479618704,544.2619047619048,558.9138000809389,0.9737850535862376
CSA_screen__screen_20250125_171958__plate2_A01_7_1.tif,727,388,0.8448767739184933,0.4813895781637717,155,823.2860824742268,103.31935833280458,865.916129032258,794.9270386266095,1.089302649118963
CSA_screen__screen_20250125_171958__plate2_A01_7_1.tif,728,640,0.7419231057081944,0.9538002980625931,122,641.3203125,147.89525081084363,784.5245901639345,607.5926640926641,1.2912015508539558
CSA_screen__screen_20250125_171958__plate2_A01_7_1.tif,729,311,0.8294122142175331,0.9367469879518072,181,753.6366559485531,223.08539410164468,881.7458563535912,575.2692307692307,1.5327533773613273
CSA_screen__screen_20250125_171958__plate2_A01_7_1.tif,730,646,0.5232672392971566,0.9098591549295775,305,603.6795665634675,88.44382756928971,662.7180327868853,550.8739002932551,1.203030371259358
CSA_screen__screen_20250125_171958__plate2_A01_7_1.tif,731,3412,0.8023777160240803,0.726111938710364,168,612.439917936694,102.07532716546636,718.1964285714286,606.9630086313193,1.1832622719314259
CSA_screen__screen_20250125_171958__plate2_A01_7_1.tif,732,1295,0.9408466066413147,0.683377308707124,234,665.4409266409266,132.6159643507739,797.7905982905983,636.2516493873704,1.2538915994304602
CSA_screen__screen_20250125_171958__plate2_A01_7_1.tif,733,249,0.8332180641082341,0.8615916955017301,187,1129.566265060241,128.89666414074676,1132.0320855614973,1122.1290322580646,1.0088252357961942
CSA_screen__screen_20250125_171958__plate2_A01_7_1.tif,734,790,0.4928909958764842,0.9154113557358053,198,501.71898734177216,55.96551396534211,478.7828282828283,509.3902027027027,0.9399136963029933
CSA_screen__screen_20250125_171958__plate2_A01_7_1.tif,735,196,0.651564576087426,0.9423076923076923,180,1252.8010204081634,229.81537887248908,1260.8222222222223,1162.5625,1.0845199481509358
CSA_screen__screen_20250125_171958__plate2_A01_7_1.tif,736,376,0.823284928319492,0.9148418491484185,213,341.5026595744681,56.7438720409813,362.056338028169,314.6441717791411,1.1506850293172062
CSA_screen__screen_20250125_171958__plate2_A01_7_1.tif,737,462,0.7751532632975461,0.9148514851485149,263,424.8290043290043,60.05476381257691,432.34980988593156,414.8894472361809,1.0420843739604955
CSA_screen__screen_20250125_171958__plate2_A01_7_1.tif,738,712,0.6499887032895826,0.9493333333333334,329,442.6657303370786,64.67709817112541,450.161094224924,436.2271540469974,1.0319419367837552
CSA_screen__screen_20250125_171958__plate2_A01_7_1.tif,739,730,0.7772484918160889,0.8410138248847926,380,427.8342465753425,75.68292675706023,451.9894736842105,401.60857142857145,1.1254477763669932
CSA_screen__screen_20250125_171958__plate2_A01_7_1.tif,740,149,0.7759750901691385,0.8975903614457831,114,737.5570469798657,74.97215434313024,757.8684210526316,671.4,1.1287882351096687
CSA_screen__screen_20250125_171958__plate2_A01_7_1.tif,741,503,0.8401377461968194,0.6558018252933507,314,654.5407554671968,100.79791915505947,664.4331210191083,638.1058201058202,1.0412585187029357
CSA_screen__screen_20250125_171958__plate2_A01_7_1.tif,742,232,0.4678732773510472,0.9243027888446215,172,1297.7931034482758,303.8794145267613,1433.6279069767443,908.4,1.5781901221672658
CSA_screen__screen_20250125_171958__plate2_A01_7_1.tif,743,2691,0.7497507244930218,0.700416449765747,254,661.9301374953549,121.55841898244087,803.3779527559055,647.1875256462864,1.2413372027738732
CSA_screen__screen_20250125_171958__plate2_A01_7_1.tif,744,1149,0.7632829165605182,0.8934681181959565,247,595.2941688424717,102.3019242227587,650.3643724696357,580.2139689578714,1.120904368500059
CSA_screen__screen_20250125_171958__plate2_A01_7_1.tif,745,274,0.8816016726896242,0.9163879598662207,178,375.64233576642334,65.08251216851292,391.4887640449438,346.2604166666667,1.1306194563435097
CSA_screen__screen_20250125_171958__plate2_A01_7_1.tif,746,525,0.5450589792489041,0.8536585365853658,115,541.6647619047619,75.91874099632527,571.0260869565218,533.4292682926829,1.0704813569457352
CSA_screen__screen_20250125_171958__plate2_A01_7_1.tif,747,386,0.674897371532717,0.9346246973365617,215,528.2849740932643,83.30045271119792,565.4790697674418,481.5204678362573,1.1743614395218915
CSA_screen__screen_20250125_171958__plate2_A01_7_1.tif,748,847,0.7738809095812026,0.8005671077504726,276,525.9173553719008,82.57212663996584,558.0579710144928,510.3817863397548,1.0934127861745453
CSA_screen__screen_20250125_171958__plate2_A01_7_1.tif,749,487,0.6885824798162745,0.9347408829174664,230,433.482546201232,60.505529498405046,431.25652173913045,435.4747081712062,0.9903135903120753
CSA_screen__screen_20250125_171958__plate2_A01_7_1.tif,750,321,0.7819593405624662,0.9582089552238806,164,492.0747663551402,58.233449124262144,502.7073170731707,480.96815286624206,1.0451987602035147
CSA_screen__screen_20250125_171958__plate2_A01_7_1.tif,751,2151,0.39361673697213484,0.8343677269200931,206,616.5285913528592,119.08761311024578,759.4757281553398,601.3886889460155,1.2628699909311318
CSA_screen__screen_20250125_171958__plate2_A01_7_1.tif,752,944,0.45331999919707533,0.9147286821705426,142,591.2838983050848,92.0630881426565,687.6197183098592,574.2269326683291,1.1974703365350945
CSA_screen__screen_20250125_171958__plate2_A01_7_1.tif,753,398,0.7666001481276608,0.9386792452830188,173,594.0502512562814,166.06131182143682,706.6878612716763,507.44444444444446,1.3926408476998218
CSA_screen__screen_20250125_171958__plate2_A01_7_1.tif,754,332,0.8220617911223356,0.894878706199461,170,717.6716867469879,157.30810851824714,802.0705882352942,629.104938271605,1.2749392659973278
CSA_screen__screen_20250125_171958__plate2_A01_7_1.tif,755,414,0.8398971236482171,0.8536082474226804,290,1045.0193236714977,65.05794231667474,1031.2241379310344,1077.282258064516,0.9572460051312538
CSA_screen__screen_20250125_171958__plate2_A01_7_1.tif,756,252,0.6194031667165656,0.9333333333333333,144,521.781746031746,81.27337260975499,571.0277777777778,456.1203703703704,1.2519234282698282
CSA_screen__screen_20250125_171958__plate2_A01_7_1.tif,757,246,0.6273891699740145,0.9571984435797666,148,442.7479674796748,54.58477310769419,443.68918918918916,441.3265306122449,1.005353538509608
CSA_screen__screen_20250125_171958__plate2_A01_7_1.tif,758,336,0.8002159335293254,0.9230769230769231,127,487.36011904761904,72.26895503527493,511.37007874015745,472.77033492822966,1.0816458668410054
CSA_screen__screen_20250125_171958__plate2_A01_7_1.tif,759,475,0.4236393119777948,0.8620689655172413,245,509.8463157894737,64.34992791968533,529.065306122449,489.37391304347824,1.081106475071638
CSA_screen__screen_20250125_171958__plate2_A01_7_1.tif,760,1132,0.7798097932912165,0.8385185185185186,105,613.946113074205,171.50605927571198,768.8380952380952,598.110029211295,1.2854459174542396
CSA_screen__screen_20250125_171958__plate2_A01_7_1.tif,761,321,0.6857944573724497,0.9553571428571429,173,586.380062305296,96.59214496288993,637.849710982659,526.2162162162163,1.2121437753650939
CSA_screen__screen_20250125_171958__plate2_A01_7_1.tif,762,1161,0.5800281711656513,0.6607854297097325,386,589.8165374677003,81.63614323050129,634.1943005181347,567.7135483870968,1.1171026344534372
CSA_screen__screen_20250125_171958__plate2_A01_7_1.tif,763,315,0.9142251091548323,0.963302752293578,139,622.5333333333333,118.27989940465203,633.4244604316547,613.9318181818181,1.0317505000922818
CSA_screen__screen_20250125_171958__plate2_A01_7_1.tif,764,777,0.7232065170445604,0.6704055220017257,210,496.08751608751606,85.22825774822576,519.347619047619,487.4726631393298,1.065388191622919
CSA_screen__screen_20250125_171958__plate2_A01_7_1.tif,765,226,0.7850869126078082,0.9576271186440678,100,642.9424778761062,117.43377444956263,733.88,570.7698412698413,1.2857722096305462
CSA_screen__screen_20250125_171958__plate2_A01_7_1.tif,766,228,0.7954863938833572,0.9156626506024096,145,419.219298245614,75.09675148578711,446.77241379310345,371.0843373493976,1.2039646215853113
CSA_screen__screen_20250125_171958__plate2_A01_7_1.tif,767,486,0.6805487701292992,0.9548133595284872,206,424.95061728395063,71.1278743959066,442.121359223301,412.3178571428571,1.0722828312287183
CSA_screen__screen_20250125_171958__plate2_A01_7_1.tif,768,947,0.9676977273112726,0.8858746492048644,317,684.7740232312566,123.89306985097134,769.5299684542587,642.1269841269841,1.1984077721020987
CSA_screen__screen_20250125_171958__plate2_A01_7_1.tif,769,2486,0.7737264601127047,0.8392977717758271,283,572.2015285599357,93.12810931316257,624.2862190812721,565.510667271902,1.1039335864218285
CSA_screen__screen_20250125_171958__plate2_A01_7_1.tif,770,368,0.8594430522384082,0.9709762532981531,163,704.991847826087,155.4548985301535,802.4846625766871,627.4731707317073,1.2789147010714352
CSA_screen__screen_20250125_171958__plate2_A01_7_1.tif,771,2213,0.6859979321086901,0.9106995884773662,138,542.5883416177135,63.9611339115315,547.1666666666666,542.2838554216868,1.0090041611900522
CSA_screen__screen_20250125_171958__plate2_A01_7_1.tif,772,1884,0.7343410420136128,0.9230769230769231,129,602.0684713375796,92.88071981968972,664.7829457364342,597.4586894586895,1.1126843704269191
CSA_screen__screen_20250125_171958__plate2_A01_7_1.tif,773,810,0.9635690271938642,0.9396751740139211,138,624.6333333333333,108.21805889778719,720.4565217391304,604.9553571428571,1.1909251041957436
CSA_screen__screen_20250125_171958__plate2_A01_7_1.tif,774,447,0.8258952774396212,0.883399209486166,155,1107.2125279642057,636.609325708529,1822.5032258064516,727.5205479452055,2.505088318060422
CSA_screen__screen_20250125_171958__plate2_A01_7_1.tif,775,868,0.9321938455268315,0.7343485617597293,182,949.5149769585254,375.60044218824356,1494.6868131868132,804.8775510204082,1.8570362799805737
CSA_screen__screen_20250125_171958__plate2_A01_7_1.tif,776,664,0.5460013089451096,0.8759894459102903,111,1028.441265060241,241.60671925915204,1392.7297297297298,955.3200723327305,1.457867127536553
CSA_screen__screen_20250125_171958__plate2_A01_7_1.tif,777,277,0.279420695350015,0.9551724137931035,136,546.8700361010831,67.44109132358153,581.0882352941177,513.8652482269504,1.1308183172516817
CSA_screen__screen_20250125_171958__plate2_A01_7_1.tif,778,475,0.5718202391463587,0.903041825095057,180,254.7263157894737,45.16431803170173,246.07222222222222,260.00677966101694,0.9464069457844067
CSA_screen__screen_20250125_171958__plate2_A01_7_1.tif,779,970,0.8067466296355196,0.7784911717495987,275,548.7072164948454,53.47564094731662,549.1527272727272,548.5309352517986,1.0011335587128614
CSA_screen__screen_20250125_171958__plate2_A01_7_1.tif,780,6499,0.88236250562064,0.7571062441752097,124,557.9124480689337,79.14425290930653,637.7741935483871,556.3590588235294,1.1463355964707707
CSA_screen__screen_20250125_171958__plate2_A01_7_1.tif,781,294,0.6490218398835045,0.875,84,563.1904761904761,71.12122766757693,555.8690476190476,566.1190476190476,0.9818942675694999
CSA_screen__screen_20250125_171958__plate2_A01_7_1.tif,782,330,0.9129060560380421,0.8991825613079019,107,579.839393939394,59.301604247266006,595.2710280373832,572.4349775784754,1.0398928286239764
CSA_screen__screen_20250125_171958__plate2_A01_7_1.tif,783,372,0.8578997116987455,0.8611111111111112,113,790.2956989247311,183.4420850940462,923.2566371681415,732.2857142857143,1.260787448337298
CSA_screen__screen_20250125_171958__plate2_A01_7_1.tif,784,780,0.7654874899042071,0.81419624217119,110,636.7192307692308,205.9096189317999,844.1818181818181,602.6582089552239,1.400763825394999
CSA_screen__screen_20250125_171958__plate2_A01_7_1.tif,785,6236,0.731578766735482,0.8807909604519774,102,675.1489737010904,153.94046742742938,679.1764705882352,675.0820019563091,1.0060651426346146
CSA_screen__screen_20250125_171958__plate2_A01_7_1.tif,786,232,0.7495149198368571,0.943089430894309,132,531.7112068965517,81.34620698991962,575.7575757575758,473.57,1.215781353881318
CSA_screen__screen_20250125_171958__plate2_A01_7_1.tif,787,5107,0.7892846399405881,0.8832583881010031,176,608.3818288623459,117.11923121455968,730.9261363636364,604.0079091462178,1.2101267637319866
CSA_screen__screen_20250125_171958__plate2_A01_7_1.tif,788,1484,0.48736543313598585,0.6232675346493071,174,699.9993261455526,146.30689277290145,851.971264367816,679.8137404580152,1.2532421951251118
CSA_screen__screen_20250125_171958__plate2_A01_7_1.tif,789,538,0.8260821817001015,0.9572953736654805,121,774.8252788104089,174.44231679515948,920.2148760330579,732.6378896882494,1.2560296006866718
CSA_screen__screen_20250125_171958__plate2_A01_7_1.tif,790,234,0.7616863951675921,0.9069767441860465,78,644.0854700854701,168.6157606694776,775.974358974359,578.1410256410256,1.3421887127175962
CSA_screen__screen_20250125_171958__plate2_A01_7_1.tif,791,442,0.7683296102734507,0.9266247379454927,150,652.5339366515838,171.4693618725321,765.1333333333333,594.6917808219179,1.286604856512141
CSA_screen__screen_20250125_171958__plate2_A01_7_1.tif,792,160,0.5334046657406868,0.9580838323353293,84,570.36875,87.53518020451834,624.1666666666666,510.9078947368421,1.221681389339583
CSA_screen__screen_20250125_171958__plate2_A01_7_1.tif,793,215,0.6917532659715341,0.9188034188034188,104,577.4186046511628,82.80664858099132,631.6346153846154,526.6216216216217,1.1994088154596236
CSA_screen__screen_20250125_171958__plate2_A01_7_1.tif,794,592,0.8929056827102513,0.8120713305898491,208,606.3361486486486,101.7029500291243,663.5817307692307,575.328125,1.1533969954436536
CSA_screen__screen_20250125_171958__plate2_A01_7_1.tif,795,207,0.8432039550598568,0.9904306220095693,85,683.8405797101449,69.77346848202232,717.635294117647,660.2950819672132,1.0868402835586788
CSA_screen__screen_20250125_171958__plate2_A01_7_1.tif,796,5702,0.8078841378830499,0.8566706730769231,169,730.2490354261663,240.73517644671514,696.508875739645,731.2795951563347,0.952452222587646
CSA_screen__screen_20250125_171958__plate2_A01_7_1.tif,797,1054,0.8131828724769985,0.9427549194991055,126,551.6280834914611,116.46515798881335,681.4761904761905,533.9978448275862,1.2761777918714656
CSA_screen__screen_20250125_171958__plate2_A01_7_1.tif,798,2664,0.8499360380670284,0.8933601609657947,161,610.3832582582583,112.41471524314585,652.9254658385094,607.6468238114263,1.07451473496245
CSA_screen__screen_20250125_171958__plate2_A01_7_1.tif,799,4501,0.5701180567555353,0.7490431020136462,139,756.7744945567651,243.25680725324926,850.1654676258993,753.7984869325998,1.1278418335455165
CSA_screen__screen_20250125_171958__plate2_A01_7_1.tif,800,1248,0.6977522482234263,0.8997837058399423,199,630.3918269230769,188.29203951505565,802.748743718593,597.6949475691134,1.3430743341288969
CSA_screen__screen_20250125_171958__plate2_A01_7_1.tif,801,826,0.7119818282050788,0.9660818713450292,127,730.7820823244552,201.7840728998484,812.6850393700787,715.9012875536481,1.1351914761141952
CSA_screen__screen_20250125_171958__plate2_A01_7_1.tif,802,4484,0.85651079082514,0.7539936102236422,174,648.0,147.0139309607119,812.8908045977012,641.3431554524362,1.2674818428899368
CSA_screen__screen_20250125_171958__plate2_A01_7_1.tif,803,175,0.5773623679875063,0.9408602150537635,77,460.1485714285714,84.25112588117086,527.4155844155844,407.2959183673469,1.2949198865771583
CSA_screen__screen_20250125_171958__plate2_A01_7_1.tif,804,455,0.9253316395501611,0.8584905660377359,225,1300.0483516483516,836.521551040035,1879.8666666666666,732.8347826086956,2.565198474852469
CSA_screen__screen_20250125_171958__plate2_A01_7_1.tif,805,208,0.9044238776882926,0.9904761904761905,113,1242.4663461538462,314.472068011972,1463.9380530973451,979.0315789473684,1.4952919646078593
CSA_screen__screen_20250125_171958__plate2_A01_7_1.tif,806,342,0.9679860103510042,0.40425531914893614,138,1245.6900584795321,301.3531915236954,1523.123188405797,1058.014705882353,1.4396049317060837
CSA_screen__screen_20250125_171958__plate2_A01_7_1.tif,807,609,0.8328365030984748,0.925531914893617,163,596.6600985221675,156.669968034919,757.8588957055215,537.7466367713005,1.4093233576611528
CSA_screen__screen_20250125_171958__plate2_A01_7_1.tif,808,251,0.790078657673208,0.7993630573248408,135,1133.1553784860557,273.3845629947325,1337.4222222222222,895.4310344827586,1.4936071799150648
CSA_screen__screen_20250125_171958__plate2_A01_7_1.tif,809,715,0.944988659768531,0.9571619812583668,179,863.8503496503497,327.19343306328426,1261.6927374301677,730.9888059701492,1.7260082878501568
CSA_screen__screen_20250125_171958__plate2_A01_7_1.tif,810,345,0.9503004477681902,0.5958549222797928,120,1149.0521739130436,363.3220436786218,1572.8333333333333,923.0355555555556,1.7039791412874428
CSA_screen__screen_20250125_171958__plate2_A01_7_1.tif,811,405,0.956369468429975,0.9854014598540146,96,998.5604938271605,345.62923747461963,1489.7395833333333,845.9611650485436,1.7610023307013718
CSA_screen__screen_20250125_171958__plate2_A01_7_1.tif,812,181,0.6812869904532476,0.9329896907216495,90,570.0386740331492,89.1655834206792,604.9333333333333,535.5274725274726,1.1296028016607498
CSA_screen__screen_20250125_171958__plate2_A01_7_1.tif,813,251,0.6640188869688385,0.9766536964980544,112,281.7768924302789,77.53769179764868,306.2857142857143,262.0287769784173,1.1689010566612015
CSA_screen__screen_20250125_171958__plate2_A01_7_1.tif,814,148,0.8492969540120612,0.896969696969697,76,828.7027027027027,326.13973666288086,1069.421052631579,574.6111111111111,1.8611214296981942
CSA_screen__screen_20250125_171958__plate2_A01_7_1.tif,815,455,0.8325473740363942,0.922920892494929,97,604.4373626373626,119.32668211917984,752.5257731958762,564.3128491620112,1.3335258523943874
CSA_screen__screen_20250125_171958__plate2_A01_7_1.tif,816,259,0.9345165519765772,0.8931034482758621,93,684.96138996139,120.66817857279412,756.483870967742,644.8915662650602,1.1730404156918617
CSA_screen__screen_20250125_171958__plate2_A01_7_1.tif,817,3731,0.8434264452098942,0.9260362372797221,204,656.3186813186813,165.70616097322576,676.7647058823529,655.1360929968812,1.0330139235445461
CSA_screen__screen_20250125_171958__plate2_A01_7_1.tif,818,297,0.8022185099707126,0.9369085173501577,171,584.2053872053872,80.65407012802935,621.1812865497076,534.0238095238095,1.1632089720936163
CSA_screen__screen_20250125_171958__plate2_A01_7_1.tif,819,115,0.77439621120784,0.905511811023622,85,501.495652173913,50.45469322127457,504.81176470588235,492.1,1.025831669794518
CSA_screen__screen_20250125_171958__plate2_A01_7_1.tif,820,162,0.873725389801389,0.9878048780487805,82,608.9197530864197,169.60309434033206,638.6219512195122,578.475,1.1039750226362628
CSA_screen__screen_20250125_171958__plate2_A01_7_1.tif,821,318,0.7457585560392905,0.9244186046511628,122,394.8616352201258,64.7805174908526,419.155737704918,379.73979591836735,1.103797237503714
CSA_screen__screen_20250125_171958__plate2_A01_7_1.tif,822,187,0.8627880978344372,0.9639175257731959,92,1049.8342245989304,459.24757027913216,1393.358695652174,717.1578947368421,1.942889712123243
CSA_screen__screen_20250125_171958__plate2_A01_7_1.tif,823,637,0.9301485180626273,0.8714090287277702,153,753.0423861852433,279.48292089137277,1153.6535947712418,626.4028925619834,1.8417117935915122
CSA_screen__screen_20250125_171958__plate2_A01_7_1.tif,824,338,0.7541389052939321,0.9548022598870056,128,372.29289940828403,66.43691680141876,396.4296875,357.5809523809524,1.108643189354392
CSA_screen__screen_20250125_171958__plate2_A01_7_1.tif,825,195,0.6815242589153669,0.9798994974874372,108,422.6717948717949,44.39317312217452,433.89814814814815,408.735632183908,1.0615618360204975
CSA_screen__screen_20250125_171958__plate2_A01_7_1.tif,826,564,0.6715806637932602,0.889589905362776,126,468.31028368794324,67.04035384141355,450.6666666666667,473.38584474885846,0.952007060764048
CSA_screen__screen_20250125_171958__plate2_A01_7_1.tif,827,172,0.6156602100456829,0.8958333333333334,89,396.8662790697674,82.29993092549181,444.0561797752809,346.26506024096386,1.2824169422876937
CSA_screen__screen_20250125_171958__plate2_A01_7_1.tif,828,351,0.7665589828858786,0.8954081632653061,227,467.55555555555554,103.58354964416449,510.6651982378855,388.63709677419354,1.3139898441928535
CSA_screen__screen_20250125_171958__plate2_A01_7_1.tif,829,230,0.7755363926763602,0.9504132231404959,89,380.3782608695652,52.93934557603545,391.91011235955057,373.09929078014187,1.0504177360939917
CSA_screen__screen_20250125_171958__plate2_A01_7_1.tif,830,204,0.5687814863769967,0.8869565217391304,104,400.3529411764706,103.07104413174586,461.9519230769231,336.29,1.3736713047575695
CSA_screen__screen_20250125_171958__plate2_A01_7_1.tif,831,201,0.6651736102642993,0.9436619718309859,116,524.8656716417911,72.16914119599046,558.551724137931,478.8941176470588,1.1663365732748032
CSA_screen__screen_20250125_171958__plate2_A01_7_1.tif,832,327,0.8399837019752143,0.923728813559322,167,473.697247706422,78.43911188795069,512.9161676646706,432.7625,1.1852139861117141
CSA_screen__screen_20250125_171958__plate2_A01_7_1.tif,833,300,0.7674885643816148,0.9090909090909091,129,496.3666666666667,71.52924033024692,490.82945736434107,500.5438596491228,0.9805923055542197
CSA_screen__screen_20250125_171958__plate2_A01_7_1.tif,834,198,0.5829034061485557,0.9658536585365853,97,429.2121212121212,95.80918248808834,462.6701030927835,397.0792079207921,1.1651834038741087
CSA_screen__screen_20250125_171958__plate2_A01_7_1.tif,835,603,0.43133462607453227,0.7841352405721717,246,513.5058043117745,73.18339182229194,524.0569105691056,506.2352941176471,1.0352042156257024
CSA_screen__screen_20250125_171958__plate2_A01_7_1.tif,836,278,0.7701297338715042,0.9144736842105263,134,379.51798561151077,59.11363919086932,402.44776119402985,358.18055555555554,1.1235890808472664
CSA_screen__screen_20250125_171958__plate2_A01_7_1.tif,837,416,0.7766927876421079,0.9497716894977168,133,422.21634615384613,66.15026107654876,411.85714285714283,427.08480565371025,0.9643451075875681
CSA_screen__screen_20250125_171958__plate2_A01_7_1.tif,838,408,0.849998912725309,0.6903553299492385,180,433.9656862745098,67.15378749936164,437.96666666666664,430.8070175438597,1.016619156214367
CSA_screen__screen_20250125_171958__plate2_A01_7_1.tif,839,268,0.627032321826087,0.9084745762711864,111,445.1455223880597,58.45164236252361,451.7567567567568,440.47133757961785,1.0256212339244413
CSA_screen__screen_20250125_171958__plate2_A01_7_1.tif,840,4236,0.7716622262769184,0.6785199423354157,100,758.0481586402266,237.168961267641,783.14,757.4414893617021,1.0339280472475227
CSA_screen__screen_20250125_171958__plate2_A01_7_1.tif,841,196,0.7665333538484934,0.8376068376068376,68,560.4081632653061,93.24001689021527,644.5735294117648,515.6953125,1.249911553950308
CSA_screen__screen_20250125_171958__plate2_A01_7_1.tif,842,386,0.8765771960411209,0.9796954314720813,94,718.4715025906736,148.29013525452189,817.8936170212766,686.4657534246576,1.1914558198146787
CSA_screen__screen_20250125_171958__plate2_A01_7_1.tif,843,568,0.9429020318651641,0.9844020797227037,161,1109.137323943662,372.32094498122444,1490.2919254658384,958.3611793611793,1.5550420421445195
CSA_screen__screen_20250125_171958__plate2_A01_7_1.tif,844,350,0.8758301150032203,0.948509485094851,134,590.4542857142857,151.5946358697754,702.3283582089553,521.050925925926,1.3479073220355435
CSA_screen__screen_20250125_171958__plate2_A01_7_1.tif,845,3372,0.5386490137249534,0.9340720221606649,115,592.7072953736655,85.37530378975356,655.3478260869565,590.4955480503531,1.1098268704154113
CSA_screen__screen_20250125_171958__plate2_A01_7_1.tif,846,617,0.9838151104846072,0.7751256281407035,86,628.3679092382496,89.56076398212251,706.8255813953489,615.6610169491526,1.1480759085542778
CSA_screen__screen_20250125_171958__plate2_A01_7_1.tif,847,2918,0.8215049967271593,0.6708045977011494,104,959.2998629198081,556.8251887463985,1768.1346153846155,929.406894100924,1.902433290098464
CSA_screen__screen_20250125_171958__plate2_A01_7_1.tif,848,1044,0.7088466427039866,0.8181818181818182,170,543.5411877394636,71.54704818744376,637.1235294117647,525.3386727688787,1.2127862699574479
CSA_screen__screen_20250125_171958__plate2_A01_7_1.tif,849,419,0.7175288696164119,0.8586065573770492,86,615.6324582338902,106.11345527489496,708.8953488372093,591.5465465465466,1.1983762782079381
CSA_screen__screen_20250125_171958__plate2_A01_7_1.tif,850,2029,0.9255501295278549,0.9410946196660482,81,788.3612617052735,196.86078745610155,1105.7530864197531,775.1637577002053,1.4264767611173628
CSA_screen__screen_20250125_171958__plate2_A01_7_1.tif,851,233,0.7839112052153726,0.9549180327868853,96,556.1115879828326,106.19811227262004,643.7395833333334,494.7080291970803,1.3012515369482356
CSA_screen__screen_20250125_171958__plate2_A01_7_1.tif,852,797,0.5650362576190668,0.9256678281068524,119,682.8870765370139,184.212249509555,890.8991596638656,646.377581120944,1.3782952653136171
CSA_screen__screen_20250125_171958__plate2_A01_7_1.tif,853,938,0.7766849089210116,0.929633300297324,109,796.3933901918977,273.64414708040755,1069.5412844036698,760.4788902291918,1.4064049615911538
CSA_screen__screen_20250125_171958__plate2_A01_7_1.tif,854,727,0.8401352980954335,0.5298833819241983,102,774.7372764786795,188.50900109423236,893.0294117647059,755.432,1.1821440073556664
CSA_screen__screen_20250125_171958__plate2_A01_7_1.tif,855,309,0.5668091146599423,0.8025974025974026,97,464.02912621359224,64.3859906032973,471.5670103092784,460.5801886792453,1.0238543078927012
CSA_screen__screen_20250125_171958__plate2_A01_7_1.tif,856,257,0.7937514558609827,0.9311594202898551,122,422.91050583657585,82.50789236235985,455.7704918032787,393.2148148148148,1.1590877928084284
CSA_screen__screen_20250125_171958__plate2_A01_7_1.tif,857,292,0.7037229829320768,0.906832298136646,147,488.777397260274,96.10900152455889,534.0068027210884,442.92413793103447,1.2056394244294628
CSA_screen__screen_20250125_171958__plate2_A01_7_1.tif,858,3223,0.5786695744846471,0.8576370409792443,110,584.8287309959665,89.4554031157737,659.3727272727273,582.1946675232895,1.1325640100376744
CSA_screen__screen_20250125_171958__plate2_A01_7_1.tif,859,644,0.8050067558797935,0.9669669669669669,108,557.9565217391304,71.23548977897724,592.4444444444445,551.0074626865671,1.0752022151493947
CSA_screen__screen_20250125_171958__plate2_A01_7_1.tif,860,197,0.753707485183273,0.7111913357400722,56,828.5939086294417,66.75812514248639,848.1071428571429,820.8439716312057,1.0332135852466078
CSA_screen__screen_20250125_171958__plate2_A01_7_1.tif,861,1243,0.8720124437677835,0.7807788944723618,85,583.8728881737732,89.40786669064263,671.5529411764705,577.4369602763385,1.1629891873479867
CSA_screen__screen_20250125_171958__plate2_A01_7_1.tif,862,262,0.7610937858788277,0.966789667896679,106,705.6641221374045,167.86720536317716,830.2830188679245,620.9871794871794,1.3370372952845575
CSA_screen__screen_20250125_171958__plate2_A01_7_1.tif,863,207,0.7142018856178862,0.8414634146341463,118,824.6231884057971,61.86437592178196,817.6101694915254,833.9213483146067,0.9804403870268499
CSA_screen__screen_20250125_171958__plate2_A01_7_1.tif,864,363,0.861241135562971,0.981081081081081,97,635.2451790633609,110.25923846481625,751.5567010309278,592.8308270676691,1.2677422743826727
CSA_screen__screen_20250125_171958__plate2_A01_7_1.tif,865,251,0.8719467909462778,0.9766536964980544,108,654.3784860557769,161.70344510450033,709.8148148148148,612.5104895104895,1.1588614839593843
CSA_screen__screen_20250125_171958__plate2_A01_7_1.tif,866,207,0.8841450855498693,0.9539170506912442,69,565.096618357488,86.17149700902877,633.6521739130435,530.8188405797101,1.1937258542312261
CSA_screen__screen_20250125_171958__plate2_A01_7_1.tif,867,281,0.6070227957519303,0.8672839506172839,109,504.5800711743772,88.65524510937966,532.4678899082569,486.90697674418607,1.0935721099515234
CSA_screen__screen_20250125_171958__plate2_A01_7_1.tif,868,97,0.7234845157864868,0.9509803921568627,70,577.5670103092783,119.49273430152799,622.0,462.3703703703704,1.3452419096443446
CSA_screen__screen_20250125_171958__plate2_A01_7_1.tif,869,396,0.8897549559839681,0.9473684210526315,137,649.9924242424242,117.11214707754677,726.6496350364963,609.4440154440155,1.1923156461009625
CSA_screen__screen_20250125_171958__plate2_A01_7_1.tif,870,2688,0.8347842795844634,0.8676565526145901,86,587.6171875,95.88371298557105,687.046511627907,584.3308993082244,1.1757832975139346
CSA_screen__screen_20250125_171958__plate2_A01_7_1.tif,871,475,0.9003944718655313,0.9047619047619048,111,647.7326315789473,108.71871038515695,762.1171171171171,612.8516483516484,1.2435588925426562
CSA_screen__screen_20250125_171958__plate2_A01_7_1.tif,872,316,0.8327023290095166,0.9546827794561934,117,748.1962025316456,127.00321230168284,811.3418803418804,711.070351758794,1.141014919740459
CSA_screen__screen_20250125_171958__plate2_A01_7_1.tif,873,124,0.829444437194599,0.96875,78,711.6290322580645,70.90241678190587,725.4102564102565,688.2608695652174,1.053975735782432
CSA_screen__screen_20250125_171958__plate2_A01_7_1.tif,874,964,0.7683189636572377,0.830318690783807,40,621.6224066390041,220.4519559725733,865.025,611.0854978354978,1.4155547841733627
CSA_screen__screen_20250125_171958__plate2_A01_7_1.tif,875,198,0.9213853775495331,0.9801980198019802,61,740.7373737373738,180.8358307806084,887.7704918032787,675.2700729927008,1.3146895254350697
CSA_screen__screen_20250125_171958__plate2_A01_7_1.tif,876,298,0.7598991060548814,0.9283489096573209,110,510.9429530201342,68.50660160716552,541.2636363636364,493.20212765957444,1.097447894095939
CSA_screen__screen_20250125_171958__plate2_A01_7_1.tif,877,237,0.8740741835163681,0.7847682119205298,112,496.2447257383966,52.46746252755987,513.9732142857143,480.36,1.0699750484755481
CSA_screen__screen_20250125_171958__plate2_A01_7_1.tif,878,348,0.5753730566863842,0.90625,165,455.367816091954,72.61239641838954,473.42424242424244,439.08743169398906,1.078200395301188
CSA_screen__screen_20250125_171958__plate2_A01_7_1.tif,879,333,0.889205857436396,0.8671875,161,440.59159159159157,92.31872028730064,494.4223602484472,390.20348837209303,1.2670885191497119
CSA_screen__screen_20250125_171958__plate2_A01_7_1.tif,880,149,0.906755898634833,0.9551282051282052,70,1167.5503355704698,339.3984697841664,1488.442857142857,883.2151898734177,1.6852550479302564
CSA_screen__screen_20250125_171958__plate2_A01_7_1.tif,881,329,0.638736137113992,0.9563953488372093,95,406.99696048632217,69.33301421445825,392.30526315789473,412.96153846153845,0.9499801473507743
CSA_screen__screen_20250125_171958__plate2_A01_7_1.tif,882,886,0.7212639446604567,0.8264925373134329,156,550.7031602708804,83.4435436611246,624.3269230769231,534.9698630136986,1.167031951220281
CSA_screen__screen_20250125_171958__plate2_A01_7_1.tif,883,261,0.6805576660962681,0.90625,157,381.6858237547893,84.05763935479018,392.5222929936306,365.3269230769231,1.0744411873279354
CSA_screen__screen_20250125_171958__plate2_A01_7_1.tif,884,336,0.6670867833325423,0.935933147632312,92,249.99107142857142,48.341572775157516,255.1195652173913,248.05737704918033,1.0284699784066926
CSA_screen__screen_20250125_171958__plate2_A01_7_1.tif,885,528,0.9506795271018124,0.831496062992126,313,448.9109848484849,75.4496974747419,459.8466453674121,432.9906976744186,1.0620243063817216
CSA_screen__screen_20250125_171958__plate2_A01_7_1.tif,886,282,0.6470658522466031,0.8197674418604651,95,452.5070921985816,59.80762557868598,448.1684210526316,454.71122994652404,0.9856110681615189
CSA_screen__screen_20250125_171958__plate2_A01_7_1.tif,887,285,0.9212245532604793,0.8610271903323263,108,678.8736842105263,179.89733380733577,814.3981481481482,596.180790960452,1.3660254749841005
CSA_screen__screen_20250125_171958__plate2_A01_7_1.tif,888,689,0.8950070846021481,0.8833333333333333,88,606.6676342525399,64.73459142463265,616.5340909090909,605.2229617304492,1.018689193725071
CSA_screen__screen_20250125_171958__plate2_A01_7_1.tif,889,131,0.6936049185722165,0.9357142857142857,71,573.9541984732824,90.513620298119,633.9154929577464,503.0,1.260269369697309
CSA_screen__screen_20250125_171958__plate2_A01_7_1.tif,890,166,0.8535627312015914,0.9822485207100592,76,759.0060240963855,150.48654012532478,824.3684210526316,703.8111111111111,1.1712921379589984
CSA_screen__screen_20250125_171958__plate2_A01_7_1.tif,891,315,0.8642290705948619,0.9347181008902077,126,593.0603174603175,85.14916610741474,644.7619047619048,558.5925925925926,1.1542614658912234
CSA_screen__screen_20250125_171958__plate2_A01_7_1.tif,892,781,0.5230559206105596,0.8935926773455377,104,509.2458386683739,79.93189161419808,579.8846153846154,498.3943870014771,1.1635055099103608
CSA_screen__screen_20250125_171958__plate2_A01_7_1.tif,893,990,0.6976564527170152,0.9792284866468842,101,645.5686868686869,74.29778215821264,667.3960396039604,643.0888638920135,1.0377975379092066
CSA_screen__screen_20250125_171958__plate2_A01_7_1.tif,894,342,0.8694437588488683,0.9421487603305785,111,851.3011695906433,149.92969092496082,957.7567567567568,800.1471861471862,1.1969757231397407
CSA_screen__screen_20250125_171958__plate2_A01_7_1.tif,895,176,0.7207852784303337,0.946236559139785,99,955.0397727272727,65.62318056312932,940.959595959596,973.1428571428571,0.9669285337224269
CSA_screen__screen_20250125_171958__plate2_A01_7_1.tif,896,166,0.7299592873018542,0.9595375722543352,68,605.0120481927711,114.15683504447367,710.8970588235294,531.5408163265306,1.337427036622562
CSA_screen__screen_20250125_171958__plate2_A01_7_1.tif,897,1524,0.7874523329096171,0.8566610455311973,123,602.8156167979002,115.94833559723557,721.4878048780488,592.3968593861528,1.217912947117345
CSA_screen__screen_20250125_171958__plate2_A01_7_1.tif,898,160,0.9435810315397299,0.903954802259887,58,654.825,104.38938822983876,745.1034482758621,603.4901960784314,1.234657088247091
CSA_screen__screen_20250125_171958__plate2_A01_7_1.tif,899,875,0.8607401583037468,0.8892276422764228,89,697.7794285714285,168.2790689970996,824.6404494382023,683.4147582697201,1.2066471194242856
CSA_screen__screen_20250125_171958__plate2_A01_7_1.tif,900,604,0.9875417787697518,0.7947368421052632,59,717.0082781456954,262.04237612476857,826.271186440678,705.1798165137615,1.1717170104577908
CSA_screen__screen_20250125_171958__plate2_A01_7_1.tif,901,240,0.9872103638803308,0.7523510971786834,69,1081.6416666666667,411.21577458055873,1602.8260869565217,871.3391812865497,1.8394973178985445
CSA_screen__screen_20250125_171958__plate2_A01_7_1.tif,902,249,0.8141469689408444,0.97265625,82,681.7791164658635,111.74398542533481,761.0243902439024,642.8682634730538,1.1837952399960108
CSA_screen__screen_20250125_171958__plate2_A01_7_1.tif,903,145,0.7679108214492852,0.9666666666666667,78,522.4137931034483,64.21747385004592,548.4871794871794,492.05970149253733,1.1146760806127463
CSA_screen__screen_20250125_171958__plate2_A01_7_1.tif,904,192,0.6081269792075482,0.8240343347639485,97,869.3125,79.93504035830178,836.639175257732,902.6736842105263,0.926845647427345
CSA_screen__screen_20250125_171958__plate2_A01_7_1.tif,905,487,0.829563379701098,0.9311663479923518,178,126.09240246406571,150.66831843645986,93.78089887640449,144.70550161812298,0.6480810876416556
CSA_screen__screen_20250125_171958__plate2_A01_7_1.tif,906,232,0.8089579740331202,0.943089430894309,103,534.1637931034483,83.79212208521396,588.8543689320388,490.49612403100775,1.2005280777607392
CSA_screen__screen_20250125_171958__plate2_A01_7_1.tif,907,193,0.7280073666834825,0.9234449760765551,75,463.3316062176166,81.8020730573952,503.74666666666667,437.64406779661016,1.1510419167860786
CSA_screen__screen_20250125_171958__plate2_A01_7_1.tif,908,174,0.6989998092243842,0.9206349206349206,82,460.2528735632184,55.171564888105216,472.6707317073171,449.1847826086956,1.0522857185014682
CSA_screen__screen_20250125_171958__plate2_A01_7_1.tif,909,223,0.7823335080904493,0.9695652173913043,92,441.13452914798205,75.70327856977713,476.8369565217391,416.0610687022901,1.1460744404878143
CSA_screen__screen_20250125_171958__plate2_A01_7_1.tif,910,438,0.7328813704435817,0.8920570264765784,111,503.24657534246575,63.27600210671989,521.6216216216217,497.0091743119266,1.0495211126510275
CSA_screen__screen_20250125_171958__plate2_A01_7_1.tif,911,192,0.6645256043897128,0.9458128078817734,75,434.3020833333333,59.746272511287735,468.44,412.4188034188034,1.1358356993347565
CSA_screen__screen_20250125_171958__plate2_A01_7_1.tif,912,211,0.5823816145022068,0.9336283185840708,75,448.6255924170616,70.08029997477362,478.29333333333335,432.2647058823529,1.1064825020979339
CSA_screen__screen_20250125_171958__plate2_A01_7_1.tif,913,5029,0.5252380290638984,0.9222446359801943,90,629.3223304831974,127.52866598806293,737.0,627.3601943713302,1.1747637268228956
CSA_screen__screen_20250125_171958__plate2_A01_7_1.tif,914,191,0.9520495854057234,0.5634218289085545,77,720.3246073298429,153.15088331250587,769.0649350649351,687.4035087719299,1.1187969296794777
CSA_screen__screen_20250125_171958__plate2_A01_7_1.tif,915,14399,0.9063516403909353,0.672316384180791,70,858.2534203764151,266.6197242988014,967.6428571428571,857.7190313350548,1.1281583150098744
CSA_screen__screen_20250125_171958__plate2_A01_7_1.tif,916,3786,0.8311070071399528,0.8912429378531074,147,631.2863180137348,135.6870385592628,804.6598639455782,624.282769991756,1.288934922801416
CSA_screen__screen_20250125_171958__plate2_A01_7_1.tif,917,599,0.7943262437189926,0.9507936507936507,117,630.3038397328882,122.55364878288074,752.3846153846154,600.6701244813278,1.252575389918537
CSA_screen__screen_20250125_171958__plate2_A01_7_1.tif,918,205,0.7581284766026509,0.9808612440191388,65,550.5170731707317,88.68940570393173,607.0615384615385,524.2642857142857,1.1579303702415
CSA_screen__screen_20250125_171958__plate2_A01_7_1.tif,919,468,0.6774162186559191,0.9512195121951219,64,595.6666666666666,113.70780893133863,740.84375,572.6683168316831,1.2936698752582578
CSA_screen__screen_20250125_171958__plate2_A01_7_1.tif,920,284,0.9636786677379804,0.9793103448275862,72,693.1302816901408,120.38240389494756,773.5416666666666,665.8207547169811,1.1617866538201775
CSA_screen__screen_20250125_171958__plate2_A01_7_1.tif,921,288,0.700582492029007,0.935064935064935,93,676.8090277777778,163.19722748070237,814.7849462365591,611.0051282051282,1.3335157245407232
CSA_screen__screen_20250125_171958__plate2_A01_7_1.tif,922,167,0.5076164256124475,0.943502824858757,76,618.443113772455,120.24464108668171,702.4605263157895,548.2747252747253,1.2812199686276
CSA_screen__screen_20250125_171958__plate2_A01_7_1.tif,923,435,0.7627839329049896,0.9863945578231292,128,992.1908045977011,364.8368086239913,1422.5625,812.7524429967426,1.7503023365328738
CSA_screen__screen_20250125_171958__plate2_A01_7_1.tif,924,392,0.7452313905811095,0.9158878504672897,125,594.6301020408164,111.49493633596556,699.328,545.6142322097378,1.281726096417466
CSA_screen__screen_20250125_171958__plate2_A01_7_1.tif,925,235,0.7509463418140473,0.9108527131782945,81,273.16595744680853,97.52735628572783,293.6296296296296,262.4025974025974,1.1190042802020035
CSA_screen__screen_20250125_171958__plate2_A01_7_1.tif,926,545,0.8631483343817256,0.8993399339933993,98,822.1284403669724,315.17215627372303,1316.204081632653,713.807606263982,1.8439199443692833
CSA_screen__screen_20250125_171958__plate2_A01_7_1.tif,927,318,0.9035659943196969,0.895774647887324,116,860.311320754717,280.2550398407087,1079.6120689655172,734.3762376237623,1.4701075738218903
CSA_screen__screen_20250125_171958__plate2_A01_7_1.tif,928,1510,0.8055388435391938,0.7997881355932204,62,547.9384105960265,75.60385284071978,613.483870967742,545.131906077348,1.1253861022045837
CSA_screen__screen_20250125_171958__plate2_A01_7_1.tif,929,150,0.7173392529986982,0.9375,58,288.2733333333333,87.66990336230305,352.1034482758621,248.0326086956522,1.419585312300246
CSA_screen__screen_20250125_171958__plate2_A01_7_1.tif,930,197,0.7925368305840087,0.8995433789954338,110,431.16751269035535,88.88272864954656,477.1545454545454,373.02298850574715,1.2791558701674868
CSA_screen__screen_20250125_171958__plate2_A01_7_1.tif,931,117,0.8106272744902547,0.8181818181818182,94,428.71794871794873,65.7476197812769,445.72340425531917,359.2173913043478,1.2408179978058995
CSA_screen__screen_20250125_171958__plate2_A01_7_1.tif,932,273,0.808984476892561,0.9039735099337748,100,106.66666666666667,122.66964282103893,15.16,159.56069364161849,0.09501086799014637
CSA_screen__screen_20250125_171958__plate2_A01_7_1.tif,933,331,0.711864406724999,0.9350282485875706,99,398.4592145015106,52.28229785376114,397.5656565656566,398.8405172413793,0.9968035828342104
CSA_screen__screen_20250125_171958__plate2_A01_7_1.tif,934,288,0.9287468030984195,0.9411764705882353,100,841.1944444444445,320.94425090871783,1175.02,663.6276595744681,1.7706013048845
CSA_screen__screen_20250125_171958__plate2_A01_7_1.tif,935,260,0.7545397366167512,0.9629629629629629,82,439.40384615384613,68.93421044606579,457.8048780487805,430.9269662921348,1.0623723133131209
CSA_screen__screen_20250125_171958__plate2_A01_7_1.tif,936,180,0.2841701353865535,0.9523809523809523,99,483.1,88.18403105627081,514.7878787878788,444.3703703703704,1.1584658049068783
CSA_screen__screen_20250125_171958__plate2_A01_7_1.tif,937,847,0.5257741466977178,0.8336614173228346,111,554.1570247933885,92.51146338044596,558.9459459459459,553.4347826086956,1.0099581080019449
CSA_screen__screen_20250125_171958__plate2_A01_7_1.tif,938,141,0.9520753539920107,0.8245614035087719,46,488.6808510638298,79.23072682384377,472.9130434782609,496.3157894736842,0.9528470653326571
CSA_screen__screen_20250125_171958__plate2_A01_7_1.tif,939,112,0.6457131252276799,0.8818897637795275,44,434.50892857142856,46.27904407267518,457.95454545454544,419.3382352941176,1.0920886933511869
CSA_screen__screen_20250125_171958__plate2_A01_7_1.tif,940,112,0.8495703976742504,0.9739130434782609,41,571.7767857142857,76.24042209416825,625.3170731707318,540.8591549295775,1.1561551052087695
CSA_screen__screen_20250125_171958__plate2_A01_7_1.tif,941,284,0.5314039722166035,0.9594594594594594,84,666.4295774647887,139.2410969104867,797.9761904761905,611.18,1.3056320404401167
CSA_screen__screen_20250125_171958__plate2_A01_7_1.tif,942,289,0.8599073847112184,0.7031630170316302,107,657.076124567474,99.95068550925477,731.6542056074767,613.2307692307693,1.1931139830528343
CSA_screen__screen_20250125_171958__plate2_A01_7_1.tif,943,214,0.9578758870839417,0.9953488372093023,65,792.9485981308411,192.21627269481885,878.9076923076923,755.4496644295302,1.1634232347847955
CSA_screen__screen_20250125_171958__plate2_A01_7_1.tif,944,231,0.8955415342525389,0.9665271966527197,74,700.5974025974026,162.6182095313301,835.2702702702703,637.1210191082803,1.3110072422964814
CSA_screen__screen_20250125_171958__plate2_A01_7_1.tif,945,10128,0.8623344669206223,0.729157667386609,50,625.2046800947867,157.14584882188703,695.86,624.8541377257392,1.113635899944103
CSA_screen__screen_20250125_171958__plate2_A01_7_1.tif,946,74,0.7569169216115454,0.9135802469135802,59,969.2027027027027,58.953939815099936,984.9661016949152,907.2,1.085721011568469
CSA_screen__screen_20250125_171958__plate2_A01_7_1.tif,947,494,0.6665340814566103,0.9250936329588015,78,564.4817813765183,92.55482384548961,662.2692307692307,546.1466346153846,1.2126216455322911
CSA_screen__screen_20250125_171958__plate2_A01_7_1.tif,948,3352,0.6700732048887557,0.952002272081795,47,673.0766706443914,129.82272805890975,855.0851063829788,670.4883509833586,1.275316871842568
CSA_screen__screen_20250125_171958__plate2_A01_7_1.tif,949,183,0.7000286409168083,0.8798076923076923,84,531.3060109289618,68.27847444955364,557.8928571428571,508.74747474747477,1.0966007397280477
CSA_screen__screen_20250125_171958__plate2_A01_7_1.tif,950,254,0.8284751053847123,0.9338235294117647,98,529.9173228346457,64.66653602151395,568.0816326530612,505.9423076923077,1.122818993422752
CSA_screen__screen_20250125_171958__plate2_A01_7_1.tif,951,452,0.7099427325582389,0.9495798319327731,55,533.5199115044247,78.57152230169865,563.8727272727273,529.3148614609572,1.06528791902118
CSA_screen__screen_20250125_171958__plate2_A01_7_1.tif,952,1545,0.8480098095606776,0.9014002333722287,60,566.8453074433656,93.52101343392333,630.7,564.2653198653198,1.1177365997799351
CSA_screen__screen_20250125_171958__plate2_A01_7_1.tif,953,1169,0.9790591039065286,0.8520408163265306,279,611.956372968349,116.91346618642365,707.3440860215054,582.0539325842697,1.215255230526419
CSA_screen__screen_20250125_171958__plate2_A01_7_1.tif,954,735,0.5362710269330123,0.8667452830188679,51,611.1442176870748,121.98101063838082,736.5882352941177,601.7909356725146,1.2239935692467088
CSA_screen__screen_20250125_171958__plate2_A01_7_1.tif,955,101,0.9485083893919193,0.7426470588235294,67,688.9108910891089,69.230437278271,718.2089552238806,631.1764705882352,1.1378893046417493
CSA_screen__screen_20250125_171958__plate2_A01_7_1.tif,956,73,0.8565984857921046,0.9605263157894737,49,1096.958904109589,64.01528891786228,1102.265306122449,1086.125,1.0148604498768088
CSA_screen__screen_20250125_171958__plate2_A01_7_1.tif,957,161,0.7261585515574693,0.9640718562874252,67,799.5714285714286,321.40086837139165,1029.7014925373135,635.5425531914893,1.6201928373898573
CSA_screen__screen_20250125_171958__plate2_A01_7_1.tif,958,86,0.7933991102837273,0.945054945054945,22,507.8255813953488,65.23235604992946,570.0909090909091,486.421875,1.1720091928244574
CSA_screen__screen_20250125_171958__plate2_A01_7_1.tif,959,153,0.6449807133247188,0.9503105590062112,51,338.0522875816994,68.3292481657576,377.3921568627451,318.38235294117646,1.185342571208622
CSA_screen__screen_20250125_171958__plate2_A01_7_1.tif,960,559,0.5192727352398151,0.9474576271186441,76,568.6654740608229,105.54769368200809,580.4736842105264,566.8074534161491,1.0241108875897995
CSA_screen__screen_20250125_171958__plate2_A01_7_1.tif,961,156,0.8962516158119831,0.896551724137931,51,1113.378205128205,87.8990054893069,1115.3333333333333,1112.4285714285713,1.0026111895894867
CSA_screen__screen_20250125_171958__plate2_A01_7_1.tif,962,376,0.9768044606580663,0.714828897338403,89,945.5159574468086,233.37666969542144,1138.0898876404494,885.7979094076655,1.2848188910284197
CSA_screen__screen_20250125_171958__plate2_A01_7_1.tif,963,129,0.8740167461342445,0.9923076923076923,55,1252.2248062015503,300.5396758316503,1531.418181818182,1044.7162162162163,1.4658700210136653
CSA_screen__screen_20250125_171958__plate2_A01_7_1.tif,964,268,0.8021439630532272,0.9146757679180887,80,468.26119402985074,60.90522722272617,461.7375,471.03723404255317,0.9802569024899781
CSA_screen__screen_20250125_171958__plate2_A01_7_1.tif,965,309,0.6620922127775034,0.8607242339832869,100,426.6990291262136,48.46501456306247,429.28,425.46411483253587,1.0089687591372214
CSA_screen__screen_20250125_171958__plate2_A01_7_1.tif,966,860,0.6613139873277512,0.8838643371017472,113,575.646511627907,102.20017145763894,669.0973451327434,561.5100401606426,1.191603528480668
CSA_screen__screen_20250125_171958__plate2_A01_7_1.tif,967,181,0.6372708707361593,0.9627659574468085,53,422.90055248618785,56.450154512154704,419.6981132075472,424.2265625,0.989325398990185
CSA_screen__screen_20250125_171958__plate2_A01_7_1.tif,968,400,0.8725024207479931,0.8714596949891068,96,730.4475,140.97894255437583,857.3125,690.3848684210526,1.2417892384587164
CSA_screen__screen_20250125_171958__plate2_A01_7_1.tif,969,298,0.9657441644986815,0.9802631578947368,48,698.4731543624162,278.0988687911835,1161.375,609.596,1.905155217553921
CSA_screen__screen_20250125_171958__plate2_A01_7_1.tif,970,104,0.989323495593225,0.5024154589371981,44,840.5865384615385,282.6498789130401,1128.7727272727273,629.25,1.7938382634449381
CSA_screen__screen_20250125_171958__plate2_A01_7_1.tif,971,383,0.800675447241776,0.8645598194130926,100,257.5926892950392,47.9907100325225,262.76,255.76678445229683,1.0273421568898344
CSA_screen__screen_20250125_171958__plate2_A01_7_1.tif,972,154,0.842442303169861,0.9166666666666666,83,581.5844155844156,102.23932334305363,641.8915662650602,511.0845070422535,1.2559401770556748
CSA_screen__screen_20250125_171958__plate2_A01_7_1.tif,973,104,0.6302319524027934,0.9043478260869565,38,506.49038461538464,83.42580711122766,583.421052631579,462.1969696969697,1.2622779699617837
CSA_screen__screen_20250125_171958__plate2_A01_7_1.tif,974,105,0.8109190720373297,0.9459459459459459,54,452.81904761904764,85.75977311541384,506.3703703703704,396.11764705882354,1.2783332783332784
CSA_screen__screen_20250125_171958__plate2_A01_7_1.tif,975,89,0.7278708723271948,0.956989247311828,33,467.8876404494382,64.03535508743661,493.8787878787879,452.57142857142856,1.0912725742271197
CSA_screen__screen_20250125_171958__plate2_A01_7_1.tif,976,92,0.8875061855864802,0.9019607843137255,66,576.1086956521739,105.05344980384976,598.3181818181819,519.7307692307693,1.1512079277194351
CSA_screen__screen_20250125_171958__plate2_A01_7_1.tif,977,105,0.6135681628787999,0.9051724137931034,59,415.32380952380953,71.75122301769599,437.4406779661017,386.95652173913044,1.1304646733955437
CSA_screen__screen_20250125_171958__plate2_A01_7_1.tif,978,742,0.7927791510102208,0.9537275064267352,68,680.0727762803234,134.1567759217381,863.0294117647059,661.6142433234421,1.3044299158819626
CSA_screen__screen_20250125_171958__plate2_A01_7_1.tif,979,1331,0.5113671156491624,0.8975050573162509,55,726.5274229902329,150.810163106018,828.2727272727273,722.1418495297805,1.1469668013452667
CSA_screen__screen_20250125_171958__plate2_A01_7_1.tif,980,357,0.5355460105513898,0.9107142857142857,63,537.2296918767507,84.19134477937385,622.5396825396825,518.9489795918367,1.199616353479145
CSA_screen__screen_20250125_171958__plate2_A01_7_1.tif,981,200,0.9715243525554977,0.9803921568627451,44,560.195,180.0231290001371,606.2045454545455,547.2179487179487,1.1077936074187509
CSA_screen__screen_20250125_171958__plate2_A01_7_1.tif,982,83,0.535003649570282,0.9540229885057471,35,552.9156626506024,109.19962981746659,641.8571428571429,488.0625,1.3151125990157877
CSA_screen__screen_20250125_171958__plate2_A01_7_1.tif,983,4836,0.8924215938013301,0.8896247240618101,68,572.9613316790736,88.12775729869635,713.0441176470588,570.9635067114094,1.2488435937946263
CSA_screen__screen_20250125_171958__plate2_A01_7_1.tif,984,212,0.9074267640846827,0.828125,57,906.8820754716982,300.72040901091566,1148.8245614035088,817.9096774193548,1.4045860968759376
CSA_screen__screen_20250125_171958__plate2_A01_7_1.tif,985,952,0.4121118918732125,0.9744114636642784,50,633.5661764705883,131.7293739969029,813.26,623.6053215077606,1.3041261386828613
CSA_screen__screen_20250125_171958__plate2_A01_7_1.tif,986,828,0.819841366056021,0.9639115250291036,70,761.5845410628019,340.59549137727663,1345.442857142857,707.6662269129288,1.901239321554341
CSA_screen__screen_20250125_171958__plate2_A01_7_1.tif,987,128,0.7809237295935527,0.9624060150375939,49,524.2734375,65.65305529397389,547.204081632653,510.0506329113924,1.0728426676175011
CSA_screen__screen_20250125_171958__plate2_A01_7_1.tif,988,119,0.8622840073972732,0.952,64,450.672268907563,50.324511501625814,443.703125,458.7818181818182,0.9671331936353188
CSA_screen__screen_20250125_171958__plate2_A01_7_1.tif,989,518,0.9469671898373219,0.9452554744525548,265,331.42471042471044,69.92222049071697,368.29056603773586,292.8102766798419,1.2577788259816576
CSA_screen__screen_20250125_171958__plate2_A01_7_1.tif,990,5383,0.8874739437050436,0.7523410202655486,74,629.4673973620658,147.42287600925778,768.3918918918919,627.5309851196082,1.2244684487498818
CSA_screen__screen_20250125_171958__plate2_A01_7_1.tif,991,160,0.8769459121686829,0.963855421686747,42,557.08125,69.93309051112713,591.6904761904761,544.7627118644068,1.0861434956982698
CSA_screen__screen_20250125_171958__plate2_A01_7_1.tif,992,96,0.9860948913685604,0.7164179104477612,40,624.53125,65.07799057108964,657.225,601.1785714285714,1.0932275886651222
CSA_screen__screen_20250125_171958__plate2_A01_7_1.tif,993,344,0.6321419513067562,0.9028871391076115,57,521.2151162790698,52.27126476693783,531.6842105263158,519.1358885017422,1.0241715556610598
CSA_screen__screen_20250125_171958__plate2_A01_7_1.tif,994,211,0.9454509706420458,0.8612244897959184,54,724.5829383886256,160.08338020810913,876.425925925926,672.3566878980891,1.3035133608409473
CSA_screen__screen_20250125_171958__plate2_A01_7_1.tif,995,120,0.46754858935942634,0.9917355371900827,47,590.9,132.0338592937433,701.531914893617,519.6712328767123,1.3499533368629808
CSA_screen__screen_20250125_171958__plate2_A01_7_1.tif,996,178,0.8626678854958129,0.967391304347826,42,1084.3820224719102,232.22785235011233,1345.1190476190477,1003.8602941176471,1.3399464601808495
CSA_screen__screen_20250125_171958__plate2_A01_7_1.tif,997,139,0.8133853729775936,0.952054794520548,48,591.8057553956835,107.0738921686403,677.7083333333334,546.4945054945055,1.2401009095601
CSA_screen__screen_20250125_171958__plate2_A01_7_1.tif,998,53,0.7802484706641591,0.9464285714285714,42,703.3584905660377,72.81952214391949,699.6904761904761,717.3636363636364,0.9753637356602759
CSA_screen__screen_20250125_171958__plate2_A01_7_1.tif,999,1138,0.5126672258077314,0.9595278246205734,92,603.9534270650264,110.40445109765449,814.0760869565217,585.4722753346081,1.3904605243540566
CSA_screen__screen_20250125_171958__plate2_A01_7_1.tif,1000,164,0.3507768484841101,0.9162011173184358,33,192.51829268292684,166.99030469012177,151.78787878787878,202.77862595419847,0.7485398329021277
CSA_screen__screen_20250125_171958__plate2_A01_7_1.tif,1001,204,0.40765205725174847,0.9357798165137615,43,225.3921568627451,42.6841240778011,223.62790697674419,225.86335403726707,0.9901026571129637
CSA_screen__screen_20250125_171958__plate2_A01_7_1.tif,1002,115,0.476544356058379,0.9745762711864406,52,421.37391304347824,68.09155739910724,451.5192307692308,396.4920634920635,1.1387850409728788
CSA_screen__screen_20250125_171958__plate2_A01_7_1.tif,1003,119,0.6736216057072988,0.9596774193548387,50,507.99159663865544,80.91654543010038,555.16,473.81159420289856,1.1716893524607712
CSA_screen__screen_20250125_171958__plate2_A01_7_1.tif,1004,139,0.786092634880322,0.9455782312925171,48,446.75539568345323,70.40457000849338,483.5,427.3736263736264,1.1313285850196704
CSA_screen__screen_20250125_171958__plate2_A01_7_1.tif,1005,121,0.5730411419985457,0.9166666666666666,52,484.26446280991735,97.03784458943154,532.4230769230769,447.9710144927536,1.1885212652116566
CSA_screen__screen_20250125_171958__plate2_A01_7_1.tif,1006,40,0.9351246078993051,1.0,15,804.075,73.82255329504662,764.4666666666667,827.84,0.9234473650302796
CSA_screen__screen_20250125_171958__plate2_A01_7_1.tif,1007,209,0.779416178421264,0.9126637554585153,32,501.5837320574163,54.29904722564124,509.59375,500.135593220339,1.0189111851023451
CSA_screen__screen_20250125_171958__plate2_A01_7_1.tif,1008,130,0.9078145165759647,0.9701492537313433,54,588.0,94.43728077406719,647.5555555555555,545.6842105263158,1.1866855281207132
CSA_screen__screen_20250125_171958__plate2_A01_7_1.tif,1009,149,0.44093544652614175,0.9141104294478528,53,537.0805369127517,68.0693997199565,579.4905660377359,513.6666666666666,1.1281451642525684
CSA_screen__screen_20250125_171958__plate2_A01_7_1.tif,1010,193,0.9138923525086723,0.9796954314720813,35,605.5906735751296,96.89844754079256,719.7142857142857,580.3101265822785,1.2402235507297181
CSA_screen__screen_20250125_171958__plate2_A01_7_1.tif,1011,160,0.955391591226655,0.9876543209876543,27,612.65,93.66617585873782,733.5555555555555,588.1052631578947,1.2473201678499692
CSA_screen__screen_20250125_171958__plate2_A01_7_1.tif,1012,125,0.9604821744034906,0.9920634920634921,18,619.888,88.5550871266016,710.3888888888889,604.6635514018692,1.1748498602932211
CSA_screen__screen_20250125_171958__plate2_A01_7_1.tif,1013,667,0.596135136077937,0.9251040221914009,47,541.6581709145428,75.6414058787323,640.8510638297872,534.1387096774193,1.199783974123153
CSA_screen__screen_20250125_171958__plate2_A01_7_1.tif,1014,285,0.7532496204668865,0.9437086092715232,50,609.1368421052632,101.75539406639162,674.48,595.2340425531914,1.1331341149556764
CSA_screen__screen_20250125_171958__plate2_A01_7_1.tif,1015,873,0.5409537601508206,0.8871951219512195,44,723.7101947308133,192.20835654173635,900.25,714.3401688781664,1.2602539227407514
CSA_screen__screen_20250125_171958__plate2_A01_7_1.tif,1016,144,0.9608955036527634,0.8944099378881988,39,671.1388888888889,124.03228808521725,770.8717948717949,634.0952380952381,1.2157034914619775
CSA_screen__screen_20250125_171958__plate2_A01_7_1.tif,1017,69,0.8680881723417352,0.971830985915493,14,573.927536231884,117.15619684484145,675.3571428571429,548.1090909090909,1.2321582583806427
CSA_screen__screen_20250125_171958__plate2_A01_7_1.tif,1018,867,0.8537595432955529,0.9342672413793104,64,585.997693194925,98.97275145721082,755.375,572.4981320049814,1.3194366195651228
CSA_screen__screen_20250125_171958__plate2_A01_7_1.tif,1019,81,0.8702497409591289,0.9642857142857143,32,566.2469135802469,85.02861259370174,637.875,519.469387755102,1.227935687907598
CSA_screen__screen_20250125_171958__plate2_A01_7_1.tif,1020,110,0.9138433256240331,0.9821428571428571,34,628.1181818181818,136.21718833060024,736.8529411764706,579.4736842105264,1.271589998397179
CSA_screen__screen_20250125_171958__plate2_A01_7_1.tif,1021,82,0.8739413180301613,1.0,34,1213.4268292682927,314.2646868907352,1474.9117647058824,1028.2083333333333,1.4344483670195396
CSA_screen__screen_20250125_171958__plate2_A01_7_1.tif,1022,172,0.6964375140978114,0.9398907103825137,44,376.2325581395349,54.625931830401235,375.54545454545456,376.46875,0.9975474844736902
CSA_screen__screen_20250125_171958__plate2_A01_7_1.tif,1023,211,0.9236690749947416,0.9213973799126638,81,466.13270142180096,45.87414703987388,482.65432098765433,455.83846153846156,1.0588275490371937
CSA_screen__screen_20250125_171958__plate2_A01_7_1.tif,1024,1144,0.6781883132174072,0.9338775510204081,54,652.2237762237762,145.51455215625904,878.5185185185185,641.0128440366973,1.370516248919693
CSA_screen__screen_20250125_171958__plate2_A01_7_1.tif,1025,282,0.9600599515394996,0.9825783972125436,40,677.0070921985815,131.35791053043047,821.925,653.0537190082645,1.258587120900537
CSA_screen__screen_20250125_171958__plate2_A01_7_1.tif,1026,228,0.7476513889447268,0.6909090909090909,42,456.05263157894734,65.33783220796505,429.2142857142857,462.11290322580646,0.928808268970916
CSA_screen__screen_20250125_171958__plate2_A01_7_1.tif,1027,160,0.796898523340121,0.9142857142857143,38,407.06875,58.116813603616464,405.2368421052632,407.6393442622951,0.9941063045291182
CSA_screen__screen_20250125_171958__plate2_A01_7_1.tif,1028,114,0.710005397103698,0.957983193277311,42,424.13157894736844,46.48967309547863,432.2857142857143,419.375,1.0307856078347881
CSA_screen__screen_20250125_171958__plate2_A01_7_1.tif,1029,4998,0.6983795739730511,0.9338565022421524,47,606.1422569027611,115.18591185029504,704.3404255319149,605.2100585740254,1.1637949758988755
CSA_screen__screen_20250125_171958__plate2_A01_7_1.tif,1030,148,0.777882226713419,0.9487179487179487,57,426.1756756756757,65.62637038118388,460.10526315789474,404.9230769230769,1.1362781954887218
CSA_screen__screen_20250125_171958__plate2_A01_7_1.tif,1031,189,0.5745035485300659,0.9692307692307692,63,400.2116402116402,105.76467675283868,411.1111111111111,394.76190476190476,1.041415359871331
CSA_screen__screen_20250125_171958__plate2_A01_7_1.tif,1032,3,0.816496580927726,1.0,2,575.6666666666666,17.13346303452853,572.0,583.0,0.9811320754716981
CSA_screen__screen_20250125_171958__plate2_A01_7_1.tif,1033,7,1.0,1.0,1,426.7142857142857,61.105796511844424,494.0,415.5,1.1889290012033695
